|hashtag|dayOfTweet|usersPerHashtag|spamEvent|std|approxLocation|compound|area
0|#sui|2014-07-01|111|False|160.2288912867|('46.236', '6.080')|0.6130666667|GE
1|#ger|2014-07-13|102|False|179.3505865712|('47.299', '8.445')|0.28595|ZH
2|#frahon|2014-06-15|100|False|90.7887942982|('47.528', '6.817')|-0.14948|Bourgogne Franche-Comté
3|#brager|2014-07-08|92|False|67.2165541015|('46.224', '7.280')|-0.15416|VS
4|#breall|2014-07-08|92|False|54.9484915646|('47.753', '7.305')|-0.29826|Grand Est
5|#sui|2014-06-20|83|False|231.5968996143|('46.520', '6.638')|0.0772|VD
6|#suifra|2014-06-20|82|False|178.9615021087|('46.224', '7.280')|0.2497|VS
7|#ger|2014-07-08|80|False|97.5886297102|('46.205', '6.143')|0.51275|GE
8|#frasui|2014-06-20|77|False|173.0058711045|('46.530', '6.025')|0.1834333333|Bourgogne Franche-Comté
9|#franig|2014-06-30|75|False|112.3692332346|('47.562', '6.853')|-0.0816|Bourgogne Franche-Comté
10|#gerarg|2014-07-13|74|False|125.8880979315|('47.377', '8.537')|0.270925|ZH
11|#bra|2014-07-08|73|False|93.3629661269|('47.470', '6.686')|-0.347|Bourgogne Franche-Comté
12|#arg|2014-07-13|71|False|154.3726933329|('46.375', '6.921')|0.5365|VD
13|#suiecu|2014-06-15|71|False|91.5631204446|('47.052', '8.297')|0.127375|LU
14|#argsui|2014-07-01|65|False|115.9236262014|('47.377', '8.537')|0.675|ZH
15|#ss8|2014-07-18|62|False|103.6563251918|('47.681', '7.408')|0.0439333333|Grand Est
16|#fra|2014-06-20|60|False|231.5536084472|('46.246', '6.133')|0.13065|GE
17|#cdm2014|2014-06-12|59|False|238.742224614|('47.473', '6.761')|0|Bourgogne Franche-Comté
18|#fra|2014-07-04|59|False|168.0268841971|('47.528', '6.817')|0|Bourgogne Franche-Comté
19|#riprobinwilliams|2014-08-12|57|False|305.7054557474|('46.262', '9.846')|0|Lombardia
20|#nedarg|2014-07-09|57|False|121.8414143849|('47.709', '9.152')|-0.2286|Baden-Württemberg
21|#fraall|2014-07-04|55|False|123.7050189479|('47.618', '6.152')|0.148|Bourgogne Franche-Comté
22|#espchi|2014-06-18|54|False|77.5493005179|('46.375', '6.921')|0.181|VD
23|#por|2014-06-16|50|False|205.8417066389|('47.474', '6.693')|0.31245|Bourgogne Franche-Comté
24|#thevoice|2014-01-18|50|False|40.5909987867|('47.486', '6.821')|0|Bourgogne Franche-Comté
25|#lrt|2014-07-15|48|False|447.301384528|('47.755', '7.313')|0|Grand Est
26|#esc|2014-05-10|48|False|94.2747758473|('47.601', '7.665')|-0.0258|Baden-Württemberg
27|#cdm2014|2014-06-15|47|False|325.1551993652|('46.294', '7.532')|0.21215|VS
28|#lrt|2014-06-18|46|False|298.7560683476|('47.633', '6.819')|0.7673|Bourgogne Franche-Comté
29|#bra|2014-07-04|46|False|158.5574494281|('47.470', '6.686')|0|Bourgogne Franche-Comté
30|#arg|2014-07-09|46|False|148.4521633805|('46.375', '6.921')|0.34|VD
31|#lrt|2014-07-08|45|False|349.1041210199|('46.194', '6.103')|0.4711666667|GE
32|#fra|2014-06-30|45|False|184.7732340013|('47.528', '6.817')|0.1503666667|Bourgogne Franche-Comté
33|#lrt|2014-02-09|44|False|392.7297119026|('46.222', '6.128')|0|GE
34|#col|2014-07-04|44|False|161.6263701986|('47.528', '6.817')|0.5697|Bourgogne Franche-Comté
35|#thevoice|2014-01-25|44|False|46.0091248224|('46.246', '6.133')|0.8439|GE
36|#lrt|2014-01-01|43|False|344.6713707048|('46.136', '6.026')|0|Auvergne-Rhône-Alpes
37|#esp|2014-06-18|43|False|144.8900471572|('47.474', '6.693')|0|Bourgogne Franche-Comté
38|#por|2014-06-22|42|False|229.8458830136|('46.213', '6.112')|-0.1853|GE
39|#gha|2014-06-21|42|False|106.4017859513|('47.377', '8.537')|0.7088|ZH
40|#lt|2014-01-04|41|False|390.1327471975|('45.904', '6.129')|0|Auvergne-Rhône-Alpes
41|#lrt|2014-06-16|41|False|272.0996399096|('46.391', '6.591')|-0.148|Auvergne-Rhône-Alpes
42|#chi|2014-06-18|41|False|121.3644753495|('47.474', '6.693')|0|Bourgogne Franche-Comté
43|#ballondor|2014-01-13|41|False|96.6310313863|('46.248', '7.318')|0.4363|VS
44|#lt|2014-01-02|40|False|435.6562533943|('45.904', '6.129')|-0.2263|Auvergne-Rhône-Alpes
45|#lrt|2014-06-20|40|False|347.8154285671|('46.321', '6.965')|0.1623|VD
46|#wm2014|2014-06-15|40|False|278.1909306211|('47.299', '8.531')|0|ZH
47|#ep2014|2014-05-25|39|False|281.7860132803|('47.741', '7.607')|-0.2022|Baden-Württemberg
48|#abst14|2014-02-09|39|False|166.9235834362|('47.420', '8.545')|-0.1646333333|ZH
49|#coupedumonde|2014-06-12|38|False|314.4651632743|('47.305', '6.145')|-0.5574|Bourgogne Franche-Comté
50|#ger|2014-06-30|38|False|228.4531580995|('46.184', '6.121')|0|GE
51|#honsui|2014-06-25|38|False|147.6548636293|('47.495', '8.507')|-0.1062333333|ZH
52|#geralg|2014-06-30|38|False|107.7294161336|('46.943', '8.276')|0.2083|OW
53|#allarg|2014-07-13|38|False|90.9744573986|('46.375', '6.921')|-0.1914|VD
54|#lrt|2014-08-14|37|False|390.091724386|('47.681', '6.500')|-0.5583|Bourgogne Franche-Comté
55|#gerpor|2014-06-16|37|False|135.0413830787|('47.554', '9.697')|0|Bayern
56|#italiauruguay|2014-06-24|37|False|99.6342819579|('46.006', '8.296')|-0.13295|Piemonte
57|#eurovisionsongcontest2014|2014-05-10|37|False|64.1852117641|('46.943', '8.276')|0|OW
58|#bra|2014-06-28|36|False|126.0707233114|('47.371', '8.510')|-0.10465|ZH
59|#eurovision|2014-05-10|36|False|78.6402190678|('46.524', '6.466')|0.0956|VD
60|#belusa|2014-07-01|36|False|61.399757913|('46.512', '6.658')|0.193975|VD
61|#lrt|2014-08-03|35|False|391.2649815574|('46.179', '6.120')|0.6467|GE
62|#lrt|2014-06-12|35|False|262.993552878|('47.473', '6.761')|-0.5574|Bourgogne Franche-Comté
63|#ss8|2014-08-15|35|False|141.2121279091|('47.681', '7.408')|-0.0206333333|Grand Est
64|#sanremo2014|2014-02-18|35|False|107.5662499233|('45.861', '9.418')|-0.57875|Lombardia
65|#missfrance2015|2014-12-06|35|False|64.7489024819|('46.196', '6.237')|0.148|Auvergne-Rhône-Alpes
66|#lrt|2014-03-04|34|False|413.7808438574|('47.381', '6.381')|-0.0714666667|Bourgogne Franche-Comté
67|#lrt|2014-09-16|34|False|267.0113646334|('47.512', '6.800')|0.4772|Bourgogne Franche-Comté
68|#cdm2014|2014-06-13|34|False|182.8883116276|('47.520', '6.805')|0|Bourgogne Franche-Comté
69|#ned|2014-07-05|34|False|163.8546363662|('47.730', '8.589')|0.4019|SH
70|#gergha|2014-06-21|34|False|89.8075832187|('46.224', '7.280')|-0.21835|VS
71|#lt|2014-03-23|32|False|373.3795445039|('45.904', '6.129')|0|Auvergne-Rhône-Alpes
72|#lt|2014-06-01|32|False|314.2037163628|('45.904', '6.129')|-0.5864|Auvergne-Rhône-Alpes
73|#ff|2014-03-07|32|False|298.8882200683|('45.903', '6.099')|-0.2177333333|Auvergne-Rhône-Alpes
74|#col|2014-06-28|32|False|174.8160933793|('46.517', '6.608')|0.4303|VD
75|#brachi|2014-06-28|32|False|78.3471534726|('47.626', '10.511')|-0.1027|Bayern
76|#lrt|2014-07-16|31|False|393.1797510991|('46.375', '6.921')|0.4003|VD
77|#worldcup2014|2014-06-13|31|False|276.0336680385|('46.686', '7.849')|0.6698|BE
78|#wm2014|2014-06-12|31|False|256.7004678806|('46.943', '8.276')|-0.6239|OW
79|#lrt|2014-09-21|31|False|238.3223348132|('46.190', '6.115')|-0.7717|GE
80|#ss8|2014-08-08|31|False|164.4242757404|('47.681', '7.408')|0.2559|Grand Est
81|#ned|2014-06-29|31|False|111.3469422136|('47.416', '9.361')|0|SG
82|#cdm2014|2014-06-20|30|False|210.7086149158|('46.221', '6.110')|0.3612|GE
83|#bra|2014-06-17|30|False|174.7807978609|('46.201', '7.009')|-0.8038|VS
84|#belalg|2014-06-17|30|False|104.812707128|('46.375', '6.920')|0.25|VD
85|#ita|2014-06-14|29|False|217.4302678882|('46.246', '6.133')|0|GE
86|#ita|2014-06-24|29|False|208.7030047282|('46.375', '6.921')|-0.6449|VD
87|#eng|2014-06-19|29|False|134.3188342906|('47.432', '9.391')|0|SG
88|#frajam|2014-06-08|29|False|103.1379337162|('47.528', '6.817')|0.474|Bourgogne Franche-Comté
89|#murrayftw|2014-11-11|29|False|19.9360596382|('47.181', '8.489')|0.259575|ZG
90|#lrt|2014-08-01|28|False|391.0881465888|('47.478', '6.830')|0|Bourgogne Franche-Comté
91|#lrt|2014-08-18|28|False|313.0184208867|('47.516', '7.005')|0.6369|Bourgogne Franche-Comté
92|#lrt|2014-04-18|28|False|298.4499096325|('46.777', '6.631')|-0.3243|VD
93|#lrt|2014-04-06|28|False|295.5295666986|('46.400', '6.587')|0|Auvergne-Rhône-Alpes
94|#por|2014-06-26|28|False|161.4004316428|('46.177', '6.138')|0|GE
95|#chi|2014-06-28|28|False|138.9379771691|('47.520', '6.805')|0.11|Bourgogne Franche-Comté
96|#thevoice|2014-02-01|28|False|43.2434131077|('47.612', '6.135')|0|Bourgogne Franche-Comté
97|#lt|2014-01-05|27|False|400.6076431784|('45.904', '6.129')|0.4939|Auvergne-Rhône-Alpes
98|#np|2014-01-12|27|False|359.1044070717|('45.904', '6.129')|-0.4019|Auvergne-Rhône-Alpes
99|#lrt|2014-09-01|27|False|306.9362214794|('46.256', '6.070')|0.1877|Auvergne-Rhône-Alpes
100|#worldcup2014|2014-06-15|27|False|268.5354575161|('47.243', '6.007')|0.3382|Bourgogne Franche-Comté
101|#lt|2014-06-06|26|False|399.1834832995|('47.733', '6.970')|0.0684|Bourgogne Franche-Comté
102|#lrt|2014-05-22|26|False|385.7925551023|('46.213', '6.146')|-0.05135|GE
103|#lrt|2014-04-20|26|False|378.4404691755|('46.400', '6.587')|-0.4215|Auvergne-Rhône-Alpes
104|#lt|2014-06-09|26|False|283.7344550963|('47.733', '6.970')|0.1531|Bourgogne Franche-Comté
105|#ff|2014-01-17|26|False|258.3101015552|('46.534', '6.621')|0.453|VD
106|#sochi2014|2014-02-09|26|False|224.0359006222|('45.930', '6.710')|0|Auvergne-Rhône-Alpes
107|#apple|2014-09-09|26|False|190.4988922554|('46.165', '9.864')|0.0031333333|Lombardia
108|#brechi|2014-06-28|26|False|65.6620738014|('47.495', '6.792')|0.3294|Bourgogne Franche-Comté
109|#lrt|2014-02-18|25|False|409.1403959352|('46.149', '6.105')|0.0772|GE
110|#np|2014-01-30|25|False|386.4464460504|('45.904', '6.129')|0|Auvergne-Rhône-Alpes
111|#wm2014|2014-07-13|25|False|193.6692850357|('47.377', '8.537')|0.25|ZH
112|#ss8|2014-08-22|25|False|122.2869894765|('47.774', '7.312')|0.7296|Grand Est
113|#ss8|2014-08-01|25|False|93.6931855329|('47.681', '7.408')|0.4215|Grand Est
114|#bravsger|2014-07-08|25|False|39.7841376116|('47.255', '8.867')|-0.1503|ZH
115|#thevoicekids|2014-09-13|25|False|36.7702308692|('47.007', '6.967')|0.2859|NE
116|#np|2014-01-19|24|False|353.77686741|('45.904', '6.129')|0.5574|Auvergne-Rhône-Alpes
117|#np|2014-02-05|24|False|320.4733793997|('45.904', '6.129')|-0.0386|Auvergne-Rhône-Alpes
118|#np|2014-01-21|24|False|315.454339773|('45.904', '6.129')|0|Auvergne-Rhône-Alpes
119|#ff|2014-04-11|24|False|290.1615144414|('47.345', '8.337')|0|AG
120|#lrt|2014-04-27|24|False|254.7236894486|('45.765', '6.342')|-0.29125|Auvergne-Rhône-Alpes
121|#oscars2014|2014-03-03|24|False|228.4930604554|('47.539', '7.724')|0|AG
122|#argvssui|2014-07-01|24|False|55.5536133515|('46.817', '7.342')|0.51475|BE
123|#lrt|2014-07-28|23|False|518.732142983|('46.179', '6.119')|-0.224|GE
124|#lrt|2014-02-14|23|False|505.2629726464|('46.534', '6.621')|0|VD
125|#lrt|2014-10-27|23|False|208.4122122837|('47.722', '7.283')|0|Grand Est
126|#wm2014|2014-06-20|23|False|185.2464705223|('47.495', '8.507')|0.49785|ZH
127|#superbowl|2014-02-03|23|False|126.084024235|('45.941', '6.033')|-0.4391|Auvergne-Rhône-Alpes
128|#argbel|2014-07-05|23|False|80.0632288552|('46.512', '6.658')|0|VD
129|#np|2014-01-05|22|False|400.8584220213|('45.904', '6.129')|0.31845|Auvergne-Rhône-Alpes
130|#worldcup2014|2014-06-14|22|False|358.586769746|('46.224', '7.280')|0.9938|VS
131|#job|2014-10-01|22|False|355.3430857552|('46.948', '7.445')|0|BE
132|#jobs|2014-12-01|22|False|294.195103817|('46.214', '6.111')|0|GE
133|#np|2014-03-04|22|False|262.3592987337|('46.246', '6.133')|0|GE
134|#happybirthdayniall|2014-09-13|22|False|202.5229740286|('47.477', '6.827')|0.6361|Bourgogne Franche-Comté
135|#col|2014-06-19|22|False|140.9153592356|('47.520', '6.805')|0|Bourgogne Franche-Comté
136|#italiainghilterra|2014-06-14|22|False|138.6871770539|('45.834', '8.741')|-0.1773|Lombardia
137|#realatletico|2014-05-24|22|False|100.3927874564|('47.194', '8.510')|-0.23835|ZG
138|#lesanges6|2014-03-09|22|False|51.8953804535|('45.802', '5.983')|-0.4019|Auvergne-Rhône-Alpes
139|#thevoice|2014-04-19|22|False|48.3175574541|('47.502', '6.792')|-0.28595|Bourgogne Franche-Comté
140|#coluru|2014-06-28|22|False|39.7393494448|('45.828', '6.163')|0|Auvergne-Rhône-Alpes
141|#jobs|2014-11-17|21|False|377.9429010632|('46.213', '6.111')|0|GE
142|#job|2014-08-05|21|False|281.3318508884|('46.213', '6.146')|0|GE
143|#job|2014-08-10|21|False|263.5869347443|('46.213', '6.146')|0|GE
144|#cdm2014|2014-07-08|21|False|203.9601098813|('47.245', '6.047')|0.5994|Bourgogne Franche-Comté
145|#arg|2014-06-21|21|False|147.3622243292|('47.520', '6.805')|0.3182|Bourgogne Franche-Comté
146|#ned|2014-06-13|21|False|129.1519260688|('47.496', '7.631')|0.046|BL
147|#usa|2014-06-22|21|False|125.1462317658|('47.383', '8.540')|0.4767|ZH
148|#angita|2014-06-14|21|False|106.3811994497|('47.638', '6.854')|0|Bourgogne Franche-Comté
149|#dals|2014-09-27|21|False|100.6579017152|('47.787', '7.342')|0.1032666667|Grand Est
150|#nedvsarg|2014-07-09|21|False|64.0323226249|('47.255', '8.867')|0|ZH
151|#thevoice|2014-05-03|21|False|52.8075152328|('47.526', '6.822')|0|Bourgogne Franche-Comté
152|#qvemf|2014-06-13|21|False|32.2396994252|('46.318', '6.036')|0|Auvergne-Rhône-Alpes
153|#np|2014-05-16|20|False|360.7851155642|('45.904', '6.129')|0|Auvergne-Rhône-Alpes
154|#ff|2014-05-09|20|False|304.477907519|('47.179', '7.303')|0.6114|BE
155|#job|2014-09-17|20|False|303.6120147783|('46.213', '6.146')|0|GE
156|#job|2014-09-12|20|False|296.5247092558|('46.198', '6.142')|0|GE
157|#job|2014-09-26|20|False|245.6744109532|('46.470', '6.842')|0|VD
158|#mtvhottest|2014-07-20|20|False|188.3866228536|('46.922', '6.345')|0|Bourgogne Franche-Comté
159|#clasico|2014-03-23|20|False|143.9523331007|('47.381', '6.381')|0|Bourgogne Franche-Comté
160|#gerbra|2014-07-08|20|False|114.2930346778|('46.958', '7.435')|0.5599|BE
161|#brecol|2014-07-04|20|False|88.7026413164|('47.612', '6.125')|0.5202|Bourgogne Franche-Comté
162|#ss8|2014-07-22|20|False|75.9519339996|('47.263', '6.049')|-0.4019|Bourgogne Franche-Comté
163|#applelive|2014-09-09|20|False|67.6505671581|('45.789', '9.067')|0.34|Lombardia
164|#psgbar|2014-09-30|20|False|53.0849701765|('46.817', '7.342')|0|BE
165|#braned|2014-07-12|20|False|43.0056907017|('47.495', '8.507')|0|ZH
166|#jobs|2014-06-09|19|False|315.4680366297|('46.218', '6.141')|0.148|GE
167|#ff|2014-06-20|19|False|313.2149926437|('47.660', '6.959')|0.4939|Bourgogne Franche-Comté
168|#jobs|2014-05-30|19|False|295.2923556713|('47.196', '8.529')|0.258|ZG
169|#job|2014-07-31|19|False|287.3937627897|('46.213', '6.146')|0|GE
170|#job|2014-08-04|19|False|285.0262217957|('46.213', '6.146')|0|GE
171|#emabiggestfans1d|2014-11-08|19|False|279.49893149|('45.802', '8.706')|0.0769|Lombardia
172|#job|2014-11-23|19|False|267.2209510626|('46.494', '6.389')|0.6166|VD
173|#job|2014-09-20|19|False|262.3178554401|('46.213', '6.146')|0.4466|GE
174|#job|2014-08-20|19|False|257.486669299|('46.948', '7.445')|0|BE
175|#lt|2014-05-10|19|False|255.9211948891|('45.904', '6.129')|0.2263|Auvergne-Rhône-Alpes
176|#job|2014-08-14|19|False|233.3649874982|('46.948', '7.445')|0|BE
177|#job|2014-09-24|19|False|212.9252313779|('46.198', '6.142')|0|GE
178|#iphone6|2014-09-09|19|False|163.9275480874|('46.165', '9.864')|-0.31245|Lombardia
179|#sochi2014|2014-02-19|19|False|140.0833487526|('47.424', '8.691')|0|ZH
180|#ecu|2014-06-15|19|False|127.1823022798|('47.474', '6.693')|0|Bourgogne Franche-Comté
181|#thevoice|2014-04-05|19|False|87.0810325052|('45.980', '6.136')|0|Auvergne-Rhône-Alpes
182|#xf8|2014-12-11|19|False|59.6550634567|('45.889', '8.888')|0|Lombardia
183|#lt|2014-07-23|18|False|421.9291714463|('46.189', '6.112')|0.1027|GE
184|#ss8|2014-09-19|18|False|379.0040244541|('47.754', '7.337')|0|Grand Est
185|#job|2014-11-11|18|False|351.7329889255|('46.470', '6.842')|-0.6283|VD
186|#lt|2014-08-11|18|False|340.3202544512|('46.627', '8.029')|0.3612|BE
187|#jobs|2014-11-19|18|False|334.485260922|('46.470', '6.842')|0|VD
188|#job|2014-09-09|18|False|323.348340314|('46.213', '6.146')|0|GE
189|#job|2014-12-31|18|False|318.2538680264|('46.494', '6.389')|0|VD
190|#ff|2014-06-27|18|False|314.4017680109|('47.345', '8.337')|0.4588|AG
191|#jobs|2014-11-21|18|False|312.7051211905|('46.470', '6.842')|0.34895|VD
192|#job|2014-11-14|18|False|287.8752109588|('46.470', '6.842')|0|VD
193|#jobs|2014-06-11|18|False|287.2653889946|('47.196', '8.529')|0|ZG
194|#job|2014-11-22|18|False|272.7805477555|('46.470', '6.842')|0.148|VD
195|#jobs|2014-08-27|18|False|269.50524326|('46.470', '6.842')|0|VD
196|#job|2014-11-29|18|False|269.4881313901|('46.470', '6.842')|0.34|VD
197|#jobs|2014-10-03|18|False|267.3311646512|('46.470', '6.842')|0|VD
198|#job|2014-12-27|18|False|266.7154485242|('46.494', '6.389')|0.4278|VD
199|#job|2014-08-01|18|False|260.2127740771|('46.213', '6.146')|0|GE
200|#jobs|2014-11-25|18|False|246.380162528|('46.233', '6.135')|0|GE
201|#job|2014-09-15|18|False|215.4893721157|('46.948', '7.445')|0|BE
202|#halamadrid|2014-04-29|18|False|212.5105675962|('46.208', '6.129')|-0.5106|GE
203|#worldcup2014|2014-06-20|18|False|205.0785066317|('46.224', '7.280')|0.0772|VS
204|#zaynappreciationday|2014-07-19|18|False|195.6907908015|('46.119', '8.282')|0.65255|Piemonte
205|#sochi2014|2014-02-14|18|False|163.2904387661|('47.134', '7.263')|0.8309|BE
206|#abst14|2014-05-18|18|False|138.8419003272|('47.177', '8.610')|0.5093|ZG
207|#wm2014|2014-06-16|18|False|85.866305172|('46.943', '8.276')|0|OW
208|#qvemf|2014-05-09|18|False|40.8816696409|('45.934', '6.633')|-0.1027|Auvergne-Rhône-Alpes
209|#job|2014-07-11|17|False|398.0302191031|('46.198', '6.142')|0.3612|GE
210|#lrt|2014-04-17|17|False|381.5434587244|('45.919', '6.157')|0.28305|Auvergne-Rhône-Alpes
211|#icebucketchallenge|2014-08-22|17|False|349.3155555818|('46.012', '8.977')|-0.5267|TI
212|#job|2014-11-13|17|False|340.9737376692|('46.494', '6.389')|0|VD
213|#kca|2014-03-29|17|False|302.2506668747|('46.811', '7.146')|0.4767|FR
214|#job|2014-12-05|17|False|284.9960316168|('46.470', '6.842')|0|VD
215|#job|2014-10-06|17|False|278.6363492029|('46.213', '6.146')|0.296|GE
216|#job|2014-12-19|17|False|268.4594525739|('46.494', '6.389')|-0.4278|VD
217|#jobs|2014-12-29|17|False|233.7602444515|('46.494', '6.389')|0|VD
218|#jobs|2014-11-23|17|False|231.2144329733|('46.494', '6.389')|0|VD
219|#job|2014-11-01|17|False|199.3682436814|('46.213', '6.146')|0.4278|GE
220|#sochi2014|2014-02-18|17|False|199.1692213621|('46.150', '6.398')|-0.5972|Auvergne-Rhône-Alpes
221|#job|2014-09-22|17|False|198.3205214233|('46.213', '6.146')|0.296|GE
222|#ff|2014-08-15|17|False|193.857344915|('47.453', '8.561')|0.4019|ZH
223|#ned|2014-06-23|17|False|102.8519301755|('46.185', '6.122')|0|GE
224|#mtvhottest|2014-07-19|17|False|83.4855681044|('45.757', '9.854')|0.391|Lombardia
225|#xf8|2014-11-06|17|False|58.9447977233|('45.820', '8.673')|0.6956|Lombardia
226|#franor|2014-05-27|17|False|45.7855353155|('46.517', '6.098')|0.07655|Bourgogne Franche-Comté
227|#np|2014-04-20|16|False|441.6359598672|('45.904', '6.129')|0.6369|Auvergne-Rhône-Alpes
228|#np|2014-01-15|16|False|409.329280816|('45.904', '6.129')|0|Auvergne-Rhône-Alpes
229|#jobs|2014-12-02|16|False|342.3222477828|('46.470', '6.842')|0|VD
230|#np|2014-02-15|16|False|341.0756628432|('45.904', '6.129')|0.6369|Auvergne-Rhône-Alpes
231|#ff|2014-09-05|16|False|334.8780890812|('47.452', '8.560')|0|ZH
232|#job|2014-11-21|16|False|333.3803927602|('46.470', '6.842')|0|VD
233|#np|2014-06-24|16|False|324.3746740663|('45.844', '9.071')|0|Lombardia
234|#job|2014-07-12|16|False|317.6272836007|('46.494', '6.389')|0.3892|VD
235|#lrt|2014-11-21|16|False|283.5104584776|('47.722', '7.283')|0|Grand Est
236|#job|2014-11-09|16|False|277.2831522206|('46.213', '6.146')|0.296|GE
237|#jobs|2014-06-06|16|False|275.9206118693|('46.494', '6.389')|0.1405|VD
238|#job|2014-06-01|16|False|274.480924626|('46.213', '6.146')|0.2233|GE
239|#bravscro|2014-06-12|16|False|274.0583860694|('46.165', '9.864')|0|Lombardia
240|#jobs|2014-12-03|16|False|270.4060064699|('46.213', '6.111')|0|GE
241|#job|2014-05-30|16|False|265.9352923802|('47.196', '8.529')|0|ZG
242|#job|2014-11-03|16|False|264.1040741961|('46.494', '6.389')|0|VD
243|#jobs|2014-06-18|16|False|258.9885485179|('46.425', '6.235')|0|VD
244|#wm2014|2014-06-14|16|False|254.6492093248|('47.404', '8.560')|0.1591|ZH
245|#jobs|2014-08-25|16|False|252.4017189081|('46.494', '6.389')|0|VD
246|#ff|2014-06-06|16|False|250.7843185402|('47.345', '8.337')|0.296|AG
247|#cdm2014|2014-07-01|16|False|200.2341875849|('47.251', '6.038')|0.7845|Bourgogne Franche-Comté
248|#job|2014-08-17|16|False|189.155670989|('46.213', '6.146')|0.296|GE
249|#cro|2014-06-18|16|False|170.6884166466|('47.470', '6.686')|0|Bourgogne Franche-Comté
250|#chvote|2014-02-09|16|False|140.9656823744|('46.587', '6.658')|-0.7088|VD
251|#psgom|2014-03-02|16|False|123.3450832114|('47.381', '6.381')|0.0910666667|Bourgogne Franche-Comté
252|#supporttheswiss|2014-11-23|16|False|75.6051041291|('47.424', '9.363')|0.5267|SG
253|#worldcup|2014-07-08|16|False|67.3677066385|('46.196', '6.143')|-0.296|GE
254|#suivsecu|2014-06-15|16|False|62.8128169669|('46.943', '8.276')|-0.5994|OW
255|#thevoice|2014-04-26|16|False|50.5625672384|('47.812', '7.101')|0.32135|Grand Est
256|#xf8|2014-09-18|16|False|26.8734516357|('45.820', '8.673')|-0.17825|Lombardia
257|#np|2014-07-20|15|False|436.4288697043|('46.722', '7.061')|0|FR
258|#job|2014-12-20|15|False|342.4086926142|('46.470', '6.842')|0|VD
259|#jobs|2014-12-25|15|False|337.7226063084|('46.494', '6.389')|0.148|VD
260|#jobs|2014-12-06|15|False|333.4722483512|('46.221', '6.141')|0.296|GE
261|#bestfandom2014|2014-07-31|15|False|317.312799573|('47.534', '6.807')|0.0209|Bourgogne Franche-Comté
262|#jobs|2014-06-16|15|False|306.3674023155|('46.224', '6.140')|0|GE
263|#ff|2014-08-29|15|False|258.4351708359|('47.496', '7.614')|0.6633|BL
264|#wm2014|2014-06-18|15|False|255.9854172039|('46.943', '8.276')|0|OW
265|#job|2014-06-07|15|False|249.0607691718|('46.213', '6.146')|0|GE
266|#jobs|2014-07-15|15|False|245.7278751791|('46.470', '6.842')|0.296|VD
267|#ff|2014-09-19|15|False|218.0868466151|('46.228', '6.142')|0.5221333333|GE
268|#tweetmyjobs|2014-11-23|15|False|206.7915518727|('46.494', '6.389')|0|VD
269|#happynewyear|2014-12-31|15|False|197.6834445308|('47.377', '8.537')|0|ZH
270|#usapor|2014-06-22|15|False|179.5962831788|('47.432', '9.391')|-0.2992|SG
271|#crcgre|2014-06-29|15|False|86.8547754518|('47.495', '8.507')|0.2732|ZH
272|#sanremo2014|2014-02-19|15|False|84.2504067074|('47.377', '8.537')|0|ZH
273|#civ|2014-06-24|15|False|50.9402478702|('47.371', '8.510')|0|ZH
274|#jobs|2014-08-01|14|False|370.176918984|('46.215', '6.151')|0|GE
275|#jobs|2014-11-11|14|False|336.54212846|('46.470', '6.842')|0|VD
276|#jobs|2014-04-04|14|False|325.7572710781|('46.234', '6.133')|0|GE
277|#switzerland|2014-06-20|14|False|296.2067319877|('47.474', '8.308')|0|AG
278|#jobs|2014-08-23|14|False|285.0139179101|('46.213', '6.146')|0|GE
279|#switzerland|2014-08-10|14|False|262.2583961365|('46.590', '7.906')|-0.0572|BE
280|#job|2014-06-17|14|False|252.2209120837|('46.213', '6.146')|0|GE
281|#jobs|2014-09-08|14|False|247.3885868568|('46.233', '6.135')|0|GE
282|#worldcup2014|2014-06-19|14|False|223.2642602224|('46.224', '7.281')|0|VS
283|#jobs|2014-06-19|14|False|220.354890318|('46.494', '6.389')|0|VD
284|#bih|2014-06-15|14|False|203.0516370697|('47.470', '6.686')|0|Bourgogne Franche-Comté
285|#switzerland|2014-06-25|14|False|181.8744610647|('47.398', '8.452')|0.24225|ZH
286|#lift14|2014-02-05|14|False|180.7737974052|('46.246', '6.133')|0|GE
287|#cdm2014|2014-06-28|14|False|160.61057383|('46.470', '6.842')|-0.25055|VD
288|#esc14|2014-05-10|14|False|143.8899038594|('46.849', '9.528')|0|GR
289|#jobs|2014-10-05|14|False|120.9795566548|('46.213', '6.146')|0.296|GE
290|#hon|2014-06-15|14|False|120.0141792892|('47.474', '6.693')|0|Bourgogne Franche-Comté
291|#favnashpic|2014-09-04|14|False|94.3257229482|('47.111', '6.834')|0.2725333333|NE
292|#sma14|2014-03-07|14|False|90.5745492641|('47.411', '8.552')|-0.20995|ZH
293|#ss8|2014-07-21|14|False|89.7465379406|('47.681', '7.408')|-0.1854|Grand Est
294|#emabiggestfans1d|2014-11-07|14|False|87.5642910519|('46.202', '6.131')|0.04526|GE
295|#frapb|2014-03-05|14|False|44.0193044458|('47.612', '6.135')|0|Bourgogne Franche-Comté
296|#spagnacile|2014-06-18|14|False|40.3836176447|('46.001', '8.747')|0|Lombardia
297|#brasilecroazia|2014-06-12|14|False|38.9772999001|('46.062', '8.686')|0|Piemonte
298|#4yearsofonedirection|2014-07-22|14|False|27.4386395307|('46.554', '6.579')|0.6369|VD
299|#np|2014-08-05|13|False|493.9165294482|('46.722', '7.061')|0|FR
300|#np|2014-08-02|13|False|481.6679602862|('46.627', '8.029')|0|BE
301|#np|2014-03-11|13|False|398.4728555054|('46.190', '6.101')|-0.11865|GE
302|#bestfandom2014|2014-07-30|13|False|374.821951018|('47.681', '7.408')|0.7003|Grand Est
303|#jobs|2014-06-23|13|False|350.0818844487|('46.222', '6.138')|0|GE
304|#np|2014-02-14|13|False|346.8120484396|('45.904', '6.129')|0|Auvergne-Rhône-Alpes
305|#jobs|2014-04-29|13|False|338.0995978724|('46.221', '6.098')|0|GE
306|#jobs|2014-05-08|13|False|315.7768471699|('47.196', '8.529')|0.4215|ZG
307|#niallappreciationday|2014-07-21|13|False|313.9508171361|('45.937', '6.700')|0|Auvergne-Rhône-Alpes
308|#jobs|2014-05-19|13|False|309.6432542423|('46.229', '6.142')|0.21075|GE
309|#mtvhottest|2014-07-26|13|False|299.5133052334|('47.681', '7.407')|0|Grand Est
310|#jobs|2014-04-16|13|False|261.3738880375|('47.367', '8.550')|0|ZH
311|#fcsmetg|2014-05-17|13|False|246.3028057074|('46.219', '6.293')|-0.4215|Auvergne-Rhône-Alpes
312|#worldcup2014|2014-06-25|13|False|236.1882671688|('46.234', '7.260')|-0.5267|VS
313|#job|2014-06-15|13|False|235.8019636063|('46.494', '6.389')|0|VD
314|#job|2014-06-06|13|False|230.5752428936|('46.494', '6.389')|0|VD
315|#wm2014|2014-06-13|13|False|198.280297274|('47.416', '9.361')|-0.07655|SG
316|#mtvhottest|2014-07-23|13|False|195.3108591416|('47.272', '8.665')|0|ZH
317|#etgpsg|2014-08-22|13|False|179.9611362366|('45.914', '6.718')|0.1247|Auvergne-Rhône-Alpes
318|#wm2014|2014-07-04|13|False|105.2993681504|('47.404', '8.559')|0.9934|ZH
319|#swissaward|2014-01-11|13|False|63.0625528645|('47.411', '8.552')|0.0001|ZH
320|#forestiparty|2014-01-04|13|False|33.7948191468|('47.499', '6.768')|0.3348|Bourgogne Franche-Comté
321|#np|2014-06-22|12|False|444.3308273862|('46.359', '6.483')|0|Auvergne-Rhône-Alpes
322|#np|2014-04-23|12|False|374.4743423754|('46.256', '6.070')|0|Auvergne-Rhône-Alpes
323|#np|2014-02-13|12|False|357.7196698951|('46.205', '6.143')|0|GE
324|#jobs|2014-05-27|12|False|333.5125216167|('46.233', '6.135')|0|GE
325|#jobs|2014-04-22|12|False|320.0392214483|('46.494', '6.389')|0|VD
326|#jobs|2014-06-20|12|False|308.6262553647|('46.470', '6.842')|0|VD
327|#jobs|2014-06-07|12|False|294.230986618|('47.196', '8.529')|0.6739|ZG
328|#np|2014-04-25|12|False|274.6294919675|('45.904', '6.129')|-0.4404|Auvergne-Rhône-Alpes
329|#jobs|2014-06-13|12|False|271.7816917225|('46.213', '6.146')|0|GE
330|#mtvhottest|2014-07-22|12|False|266.5521647247|('46.467', '6.846')|0.514|VD
331|#jobs|2014-04-03|12|False|265.3174957635|('46.234', '6.133')|0|GE
332|#geneva|2014-06-17|12|False|254.7754447633|('46.213', '6.146')|0.516|GE
333|#jobs|2014-04-25|12|False|240.9206103794|('46.818', '8.228')|0|OW
334|#switzerland|2014-08-23|12|False|232.4171867192|('46.504', '7.288')|0|BE
335|#oscars|2014-03-03|12|False|222.2398635267|('47.177', '8.610')|0.4939|ZG
336|#geneva|2014-06-19|12|False|221.9704581831|('46.205', '6.143')|0|GE
337|#ff|2014-08-08|12|False|213.100117226|('47.584', '7.249')|0.62415|Grand Est
338|#switzerland|2014-05-10|12|False|183.0312484191|('47.379', '8.530')|0.9395|ZH
339|#50factsaboutme|2014-06-01|12|False|149.6731017922|('47.079', '8.328')|0.5046|LU
340|#abst14|2014-11-30|12|False|148.1575922124|('47.377', '8.537')|0|ZH
341|#pokert|2014-03-04|12|False|119.9794423153|('47.374', '8.525')|0.2023|ZH
342|#srfthevoice|2014-04-19|12|False|83.7520526939|('47.462', '8.183')|-0.4767|AG
343|#bravscol|2014-07-04|12|False|71.6409826414|('46.958', '7.435')|0.6369|BE
344|#dals|2014-11-29|12|False|64.0042447256|('46.200', '6.261')|0.765|Auvergne-Rhône-Alpes
345|#benficajuve|2014-04-24|12|False|56.3075541195|('47.417', '9.180')|-0.1027|SG
346|#dals|2014-10-04|12|False|55.3942747741|('46.078', '6.414')|-0.2481|Auvergne-Rhône-Alpes
347|#ibes|2014-01-18|11|False|560.3115863255|('47.478', '8.504')|-0.395|ZH
348|#jobs|2014-03-24|11|False|365.9997235578|('46.234', '6.133')|0|GE
349|#np|2014-05-09|11|False|354.8854328761|('45.904', '6.129')|0.2732|Auvergne-Rhône-Alpes
350|#np|2014-03-30|11|False|309.9767416939|('45.904', '6.129')|0.7717|Auvergne-Rhône-Alpes
351|#jobs|2014-03-07|11|False|309.4052000765|('46.234', '6.133')|0.1922|GE
352|#job|2014-04-29|11|False|308.3851045513|('46.494', '6.389')|0.296|VD
353|#jobs|2014-12-10|11|False|307.904848417|('46.470', '6.842')|0|VD
354|#jobs|2014-03-11|11|False|305.9276435802|('46.234', '6.133')|0|GE
355|#jobs|2014-05-20|11|False|305.2409610872|('46.233', '6.135')|0|GE
356|#switzerland|2014-08-11|11|False|299.7358257868|('47.116', '9.256')|0|SG
357|#jobs|2014-05-06|11|False|295.1796732236|('46.494', '6.389')|0|VD
358|#rt|2014-08-18|11|False|284.2291422562|('47.216', '5.978')|-0.5267|Bourgogne Franche-Comté
359|#jobs|2014-03-28|11|False|264.75581974|('46.234', '6.133')|0|GE
360|#som14|2014-04-10|11|False|252.1083559143|('47.411', '8.553')|0|ZH
361|#cdm2014|2014-06-29|11|False|244.3745987725|('46.470', '6.842')|-0.5386|VD
362|#jobs|2014-04-23|11|False|240.5800902721|('47.367', '8.550')|0|ZH
363|#rt|2014-01-12|11|False|237.9755448324|('46.397', '6.615')|0|Auvergne-Rhône-Alpes
364|#tweetmyjobs|2014-06-14|11|False|230.4859277863|('47.196', '8.529')|0|ZG
365|#weareallharry|2014-12-20|11|False|195.9043631158|('46.813', '8.224')|0.2757|OW
366|#appleevent|2014-09-09|11|False|171.5107500904|('46.165', '9.864')|-0.22675|Lombardia
367|#vote5sos|2014-08-17|11|False|167.2640845727|('45.815', '6.540')|0.9973|Auvergne-Rhône-Alpes
368|#ibes|2014-01-21|11|False|119.281263966|('47.601', '7.665')|0.042475|Baden-Württemberg
369|#eurovisionfr|2014-05-10|11|False|68.7678920088|('46.530', '6.025')|0.4019|Bourgogne Franche-Comté
370|#esc2014|2014-05-10|11|False|64.4189002431|('45.850', '6.101')|0|Auvergne-Rhône-Alpes
371|#ema2014|2014-11-09|11|False|31.804318246|('46.202', '6.131')|0.6541|GE
372|#job|2014-05-02|10|False|445.0750632992|('46.494', '6.389')|0|VD
373|#tweetmyjobs|2014-11-06|10|False|402.7805873557|('46.470', '6.842')|0.148|VD
374|#jobs|2014-03-25|10|False|384.4970544055|('46.234', '6.133')|0.4019|GE
375|#np|2014-06-25|10|False|342.3011171049|('45.844', '9.071')|0|Lombardia
376|#geneva|2014-06-01|10|False|302.1875748077|('46.213', '6.146')|0.29295|GE
377|#jobs|2014-03-31|10|False|287.9674561474|('46.234', '6.133')|0|GE
378|#switzerland|2014-08-09|10|False|281.6292689032|('46.533', '7.665')|0|BE
379|#emabiggestfans1d|2014-10-30|10|False|277.1086435632|('47.491', '6.742')|0|Bourgogne Franche-Comté
380|#switzerland|2014-05-04|10|False|243.4155665574|('45.992', '8.947')|0|TI
381|#barcampch|2014-08-23|10|False|242.2883963054|('47.370', '8.543')|0|ZH
382|#lpdla|2014-02-12|10|False|233.3898381359|('45.890', '6.127')|0|Auvergne-Rhône-Alpes
383|#job|2014-04-25|10|False|232.4822011068|('46.818', '8.228')|0|OW
384|#lift14|2014-02-06|10|False|215.3238696217|('46.220', '6.138')|0.46665|GE
385|#cro|2014-06-12|10|False|212.9685717348|('46.211', '6.145')|0|GE
386|#asseol|2014-11-30|10|False|185.0322850302|('45.922', '6.719')|0.784|Auvergne-Rhône-Alpes
387|#tedxbern|2014-09-10|10|False|175.0353711248|('46.920', '7.439')|0.1003666667|BE
388|#wm2014|2014-06-29|10|False|167.4061092112|('47.495', '8.507')|0|ZH
389|#esc2014|2014-05-08|10|False|137.7329418345|('45.799', '8.880')|0.7003|Lombardia
390|#emabiggestfans1d|2014-11-09|10|False|86.6130338845|('47.620', '7.678')|0.9744|Baden-Württemberg
391|#tvoi|2014-05-07|10|False|59.0136944521|('45.951', '8.840')|0.28595|Lombardia
392|#nedvsmex|2014-06-29|10|False|38.0248153958|('47.255', '8.867')|-0.17|ZH
393|#kohlanta|2014-10-31|10|False|35.1181575871|('47.658', '6.558')|0.5574|Bourgogne Franche-Comté
394|#qvemf|2014-05-02|10|False|30.9467785497|('46.185', '6.243')|0|Auvergne-Rhône-Alpes
395|#zurich|2014-04-23|9|False|375.2174575335|('47.367', '8.550')|0|ZH
396|#jobs|2014-05-28|9|False|313.1995407761|('46.494', '6.389')|0|VD
397|#job|2014-04-08|9|False|305.0227953207|('46.470', '6.842')|0|VD
398|#geneva|2014-06-02|9|False|285.3076259238|('46.213', '6.146')|0|GE
399|#lt|2014-12-03|9|False|275.9540796186|('47.362', '6.734')|-0.2808|Bourgogne Franche-Comté
400|#switzerland|2014-08-06|9|False|270.8079109983|('46.000', '8.967')|0|TI
401|#jz4ever|2014-05-10|9|False|264.485804685|('45.888', '9.947')|0|Lombardia
402|#tweetmyjobs|2014-06-11|9|False|249.3310809124|('47.196', '8.529')|0.296|ZG
403|#jobs|2014-02-28|9|False|241.5402854631|('46.234', '6.133')|0|GE
404|#job|2014-05-19|9|False|239.4634539709|('46.470', '6.842')|0|VD
405|#enfoires2014|2014-03-14|9|False|210.0472229503|('47.454', '6.828')|-0.3599|Bourgogne Franche-Comté
406|#np|2014-12-22|9|False|209.7320816085|('47.315', '9.599')|0.2202|Vorarlberg
407|#emabiggestfans1d|2014-10-28|9|False|191.2455978503|('47.620', '7.678')|0|Baden-Württemberg
408|#coupedumonde|2014-06-20|9|False|185.0569876956|('46.375', '6.921')|0.5856|VD
409|#emabiggestfans1d|2014-11-04|9|False|180.2419459816|('47.377', '8.537')|0|ZH
410|#ibes|2014-01-20|9|False|174.0372452949|('47.601', '7.665')|0|Baden-Württemberg
411|#barcampch|2014-08-24|9|False|171.709297751|('47.370', '8.543')|0.7096|ZH
412|#fcz|2014-04-21|9|False|161.6782862743|('46.963', '7.465')|0.6369|BE
413|#rt|2014-03-08|9|False|147.0464458351|('46.315', '9.398')|-0.6973|Lombardia
414|#milanjuve|2014-09-20|9|False|136.7926031824|('45.860', '9.399')|-0.7089|Lombardia
415|#smgzh|2014-04-02|9|False|120.5767282384|('47.365', '8.547')|-0.25|ZH
416|#lesanges6|2014-03-31|9|False|71.0244584045|('45.980', '6.136')|0.5994|Auvergne-Rhône-Alpes
417|#mattto2mill|2014-08-21|9|False|69.970215161|('47.111', '6.834')|0.7288285714|NE
418|#smgzh|2014-11-05|9|False|61.4052859816|('47.365', '8.547')|0|ZH
419|#nashto2mil|2014-04-19|9|False|52.4289173603|('47.180', '7.550')|0|SO
420|#belrus|2014-06-22|9|False|48.3288333012|('47.636', '7.126')|0.6166|Grand Est
421|#tellementvrai|2014-02-06|9|False|47.8628219987|('47.757', '7.355')|-0.11475|Grand Est
422|#sospascal|2014-04-22|9|False|43.2664371502|('46.541', '6.644')|-0.1027|VD
423|#amas|2014-12-27|9|False|43.1968499665|('45.903', '5.973')|0.21075|Auvergne-Rhône-Alpes
424|#nashvshayes|2014-09-18|9|False|38.9722821418|('46.251', '6.085')|0.6974|Auvergne-Rhône-Alpes
425|#tennis|2014-01-26|9|False|37.7081742744|('46.189', '6.175')|0.5423|GE
426|#esphol|2014-06-13|9|False|31.0109130257|('46.375', '6.921')|0|VD
427|#four|2014-11-10|9|False|4.2778345743|('45.855', '9.270')|-0.4939|Lombardia
428|#votedemilovato|2014-08-23|8|False|530.4951268603|('46.684', '7.863')|0.6491333333|BE
429|#jobs|2014-01-27|8|False|400.8446204927|('46.223', '6.139')|0|GE
430|#rt|2014-08-10|8|False|375.9251085638|('46.012', '8.977')|0|TI
431|#switzerland|2014-11-20|8|False|337.6574556204|('46.188', '6.141')|0|GE
432|#|2014-01-10|8|False|326.1995076952|('46.903', '6.347')|0|Bourgogne Franche-Comté
433|#np|2014-11-16|8|False|304.0495788004|('47.463', '6.814')|0|Bourgogne Franche-Comté
434|#love|2014-04-11|8|False|299.9323710476|('46.206', '6.142')|0.3612|GE
435|#tweetmyjobs|2014-12-02|8|False|295.4494011274|('46.470', '6.842')|0|VD
436|#weareallzayn|2014-12-21|8|False|293.0585543562|('47.520', '6.780')|0|Bourgogne Franche-Comté
437|#mh17|2014-07-21|8|False|290.8265950821|('47.490', '7.720')|0.128|BL
438|#jobs|2014-02-03|8|False|290.684731562|('46.233', '6.135')|0|GE
439|#job|2014-05-27|8|False|281.97842944|('46.494', '6.389')|0.148|VD
440|#rt|2014-01-17|8|False|280.3314330697|('46.397', '6.615')|0|Auvergne-Rhône-Alpes
441|#tweetmyjobs|2014-06-20|8|False|279.3226238699|('46.470', '6.842')|0|VD
442|#tweetmyjobs|2014-05-22|8|False|263.6438093559|('47.196', '8.529')|0|ZG
443|#jobs|2014-02-14|8|False|260.4926548122|('46.818', '8.228')|0|OW
444|#bcbs14|2014-07-05|8|False|253.2451046161|('47.659', '9.433')|0.3550333333|Baden-Württemberg
445|#wef14|2014-01-23|8|False|252.5215314408|('46.765', '9.818')|0.1591|GR
446|#realmadrid|2014-05-24|8|False|249.7274346181|('47.186', '8.521')|0|ZG
447|#amici13|2014-05-27|8|False|241.5352731192|('45.877', '8.409')|0.34|Piemonte
448|#swiss|2014-06-20|8|False|240.8771273624|('47.474', '8.308')|0.296|AG
449|#tweetmyjobs|2014-06-15|8|False|240.364284028|('46.494', '6.389')|0|VD
450|#australiannight|2014-11-18|8|False|234.9223418833|('47.377', '8.537')|0.75|ZH
451|#tedxcern|2014-09-24|8|False|222.5092506948|('46.234', '6.056')|0.0986666667|GE
452|#zurich2014|2014-08-17|8|False|189.4012962124|('47.611', '7.559')|0|Grand Est
453|#emabiggestfans1d|2014-10-29|8|False|138.6460773684|('45.800', '9.084')|0|Lombardia
454|#rt|2014-03-17|8|False|130.9255228306|('45.860', '9.403')|0|Lombardia
455|#happybirthdaylouis|2014-12-24|8|False|129.6731782837|('47.477', '6.827')|0.2123|Bourgogne Franche-Comté
456|#juveroma|2014-10-05|8|False|84.2514350231|('45.860', '9.399')|-0.4995|Lombardia
457|#emabiggestfans1d|2014-10-31|8|False|76.5538546792|('46.813', '8.224')|0|OW
458|#srfbrasil|2014-06-15|8|False|59.6237848668|('46.920', '7.725')|0|BE
459|#nedcos|2014-07-05|8|False|57.5370701092|('47.727', '9.397')|-0.4215|Baden-Württemberg
460|#escita|2014-05-10|8|False|56.6766122185|('45.789', '8.875')|0.4037|Lombardia
461|#emabiggestfans1d|2014-10-27|8|False|46.1277557455|('47.620', '7.678')|0|Baden-Württemberg
462|#mex|2014-06-13|8|False|42.771262987|('46.686', '7.849')|0|BE
463|#lesanges6|2014-04-01|8|False|31.4115126597|('46.298', '7.487')|0.4588|VS
464|#votedemilovato|2014-08-24|7|False|400.6243662069|('45.863', '8.858')|0.6369|Lombardia
465|#|2014-01-12|7|False|319.818164894|('46.903', '6.347')|0|Bourgogne Franche-Comté
466|#lpdla|2014-01-27|7|False|316.9176436088|('47.504', '6.862')|-0.3252|Bourgogne Franche-Comté
467|#switzerland|2014-10-02|7|False|300.5414581953|('46.558', '6.563')|0|VD
468|#merrychristmas|2014-12-24|7|False|272.2323202908|('47.421', '9.747')|0|Vorarlberg
469|#vote5sos|2014-08-15|7|False|270.6942214577|('45.815', '6.540')|-0.6249|Auvergne-Rhône-Alpes
470|#tweetmyjobs|2014-05-16|7|False|262.318273128|('46.494', '6.389')|0|VD
471|#coupedumonde|2014-07-08|7|False|258.93429968|('47.753', '7.305')|0|Grand Est
472|#zurich2014|2014-08-15|7|False|242.695569228|('46.205', '6.143')|0|GE
473|#job|2014-03-11|7|False|225.5657669039|('46.470', '6.842')|0|VD
474|#happybirthdayashtonirwin|2014-07-07|7|False|221.6673556861|('47.551', '6.861')|0.8208125|Bourgogne Franche-Comté
475|#wcch|2014-05-03|7|False|210.9022804621|('47.390', '8.516')|0.7425|ZH
476|#switzerland|2014-07-24|7|False|206.8592075039|('47.398', '8.452')|0|ZH
477|#spain2014|2014-09-14|7|False|206.2212623682|('46.201', '6.139')|0|GE
478|#rt|2014-05-10|7|False|191.2865784764|('45.995', '6.124')|0.2981|Auvergne-Rhône-Alpes
479|#rtsmondial|2014-06-29|7|False|175.889557517|('46.256', '6.952')|0|VS
480|#coupedumonde|2014-06-28|7|False|174.8132384351|('46.375', '6.921')|-0.7195|VD
481|#cometlanding|2014-11-12|7|False|162.1880434085|('47.560', '7.583')|0|BS
482|#kca|2014-03-25|7|False|148.8432918609|('47.345', '8.337')|0.6369|AG
483|#lift14|2014-02-07|7|False|146.7016739372|('46.220', '6.138')|-0.2023|GE
484|#wha67|2014-05-21|7|False|146.3335871532|('46.227', '6.141')|-0.12055|GE
485|#voteanton|2014-03-25|7|False|145.4712044362|('47.345', '8.337')|0|AG
486|#|2014-01-09|7|False|138.0732575718|('46.903', '6.347')|0|Bourgogne Franche-Comté
487|#glocal14|2014-11-15|7|False|132.7562561755|('45.817', '8.826')|-0.33215|Lombardia
488|#ibes|2014-01-30|7|False|115.5545223566|('47.770', '9.377')|0.5423|Baden-Württemberg
489|#efn14|2014-05-03|7|False|98.7930820463|('47.411', '8.552')|0.20995|ZH
490|#jeromechezmoi|2014-11-11|7|False|78.2422282344|('47.621', '6.788')|0.1272666667|Bourgogne Franche-Comté
491|#myfourquestion|2014-11-09|7|False|67.219755508|('46.261', '7.469')|0.6369|VS
492|#missitalia|2014-09-14|7|False|62.9533230513|('45.958', '9.163')|-0.7814|Lombardia
493|#vmas|2014-08-25|7|False|62.8124167206|('45.889', '8.888')|0.4617|Lombardia
494|#harrypotteretlacoupedefeu|2014-08-26|7|False|50.8612141575|('47.694', '6.876')|0|Bourgogne Franche-Comté
495|#lesenfoires|2014-03-14|7|False|49.734216793|('47.499', '6.768')|0.9307|Bourgogne Franche-Comté
496|#srfthevoice|2014-03-08|7|False|36.9008379199|('46.842', '9.223')|0.2263|GR
497|#nashschristmasskit|2014-12-27|7|False|35.7326352371|('47.375', '8.545')|0.2822666667|ZH
498|#risingstar|2014-11-06|7|False|33.1170290619|('47.621', '6.788')|-0.0816|Bourgogne Franche-Comté
499|#ibes|2014-01-28|7|False|30.4931190297|('47.773', '9.150')|0.4404|Baden-Württemberg
500|#tatort|2014-12-28|7|False|29.5993904157|('47.499', '8.733')|-0.3818|ZH
501|#ibes|2014-01-26|7|False|25.6320525544|('47.601', '7.665')|0.4215|Baden-Württemberg
502|#callmecam|2014-06-11|7|False|16.6327780463|('47.362', '8.101')|0|AG
503|#ss8|2014-08-27|7|False|11.033718641|('47.263', '6.048')|-0.1531|Bourgogne Franche-Comté
504|#followmenash|2014-08-04|7|False|8.6818745297|('45.810', '8.938')|0.5004|Lombardia
505|#1dalbumfourfollowspree|2014-09-12|7|False|8.2184384722|('47.162', '8.514')|0|ZG
506|#schweiz|2014-09-12|6|False|472.1189117454|('47.377', '8.540')|0|ZH
507|#goldenglobes|2014-01-13|6|False|407.1500313355|('45.941', '6.033')|0.5994|Auvergne-Rhône-Alpes
508|#love|2014-03-19|6|False|386.2553723486|('46.325', '7.990')|0|VS
509|#zurich|2014-02-05|6|False|330.6140165891|('47.369', '8.539')|0|ZH
510|#switzerland|2014-02-08|6|False|323.6210052329|('46.155', '8.967')|0.3578|TI
511|#switzerland|2014-09-02|6|False|312.1270872506|('46.590', '8.558')|0.5826|UR
512|#ss8|2014-08-07|6|False|307.8908031745|('47.774', '7.312')|0.4215|Grand Est
513|#job|2014-03-21|6|False|306.5883607528|('46.818', '8.228')|0.3818|OW
514|#adidas|2014-04-07|6|False|298.3538220474|('46.813', '8.224')|0.3002142857|OW
515|#rt|2014-01-13|6|False|291.6698927568|('46.397', '6.615')|0|Auvergne-Rhône-Alpes
516|#thewalkingdead|2014-03-17|6|False|285.1350167974|('46.187', '6.199')|0.6989|GE
517|#jacket|2014-04-07|6|False|282.0874701732|('47.384', '8.530')|0|ZH
518|#bom14|2014-06-14|6|False|277.0549528609|('46.045', '6.425')|0.3802|Auvergne-Rhône-Alpes
519|#wef14|2014-01-24|6|False|266.8811014102|('46.765', '9.818')|0.296|GR
520|#adidas|2014-05-17|6|False|254.1975247609|('47.384', '8.530')|0|ZH
521|#jobs|2014-02-20|6|False|250.0226902477|('46.234', '6.133')|0|GE
522|#love|2014-04-08|6|False|248.897079465|('46.950', '7.439')|0|BE
523|#emabiggestfans1d|2014-11-02|6|False|248.7168064429|('45.960', '8.693')|0.42775|Lombardia
524|#fasnacht|2014-03-01|6|False|243.012684892|('47.052', '8.303')|0|LU
525|#switzerland|2014-01-02|6|False|225.4035671527|('46.497', '9.838')|0|GR
526|#sotchi2014|2014-02-09|6|False|219.9210878405|('45.889', '6.714')|0.2826|Auvergne-Rhône-Alpes
527|#votedemilovato|2014-08-21|6|False|216.9199930061|('45.833', '6.173')|0|Auvergne-Rhône-Alpes
528|#tweetmyjobs|2014-12-27|6|False|213.1321549402|('46.494', '6.389')|0|VD
529|#art|2014-06-20|6|False|203.7716112537|('47.474', '8.308')|0.5186|AG
530|#et702|2014-02-17|6|False|181.6123197971|('47.416', '9.361')|0|SG
531|#mtvhottest|2014-08-09|6|False|158.7600300148|('46.614', '7.126')|0|FR
532|#|2014-01-19|6|False|158.0852729852|('46.903', '6.347')|0|Bourgogne Franche-Comté
533|#switzerland|2014-12-27|6|False|157.4491891909|('47.569', '7.579')|0|BS
534|#cm2014|2014-06-15|6|False|149.1289572954|('46.392', '6.256')|-0.2294|VD
535|#chvote|2014-11-30|6|False|127.1570922429|('46.515', '6.537')|0.7184|VD
536|#|2014-01-14|6|False|116.8014447484|('46.903', '6.347')|0.12765|Bourgogne Franche-Comté
537|#rt|2014-01-26|6|False|99.6672154079|('47.647', '9.172')|0.5106|TG
538|#psg|2014-01-22|6|False|79.6203029042|('47.672', '6.848')|-0.5487|Bourgogne Franche-Comté
539|#1yearticketwwat|2014-09-28|6|False|74.8307180439|('45.938', '6.155')|0.5994|Auvergne-Rhône-Alpes
540|#ibes|2014-01-31|6|False|73.876478349|('47.736', '10.305')|0.4939|Bayern
541|#ibes|2014-01-29|6|False|73.3055583428|('47.601', '7.665')|0|Baden-Württemberg
542|#echo2014|2014-03-27|6|False|63.9078646293|('47.495', '8.507')|-0.68|ZH
543|#tpmp|2014-05-12|6|False|58.4956498267|('46.115', '6.369')|0.91|Auvergne-Rhône-Alpes
544|#summerslam|2014-08-18|6|False|52.9809448797|('46.130', '9.594')|0.6514|Lombardia
545|#juvemalmoe|2014-09-16|6|False|48.2524729055|('45.860', '9.399')|-0.4019|Lombardia
546|#srfthevoice|2014-03-15|6|False|39.3681888893|('47.462', '8.183')|-0.4019|AG
547|#espfra|2014-09-10|6|False|37.0634062148|('45.949', '6.191')|0.7156|Auvergne-Rhône-Alpes
548|#tatort|2014-03-23|6|False|33.8284453944|('47.404', '8.560')|0|ZH
549|#ibes|2014-01-25|6|False|30.1995066782|('47.260', '8.845')|0.6166|ZH
550|#lucahaenni|2014-10-05|6|False|24.7716431157|('46.722', '8.194')|0.8885|BE
551|#hartaberfair|2014-02-10|6|False|21.7903269966|('47.535', '7.628')|0|BL
552|#followmecam|2014-08-12|6|False|19.2958104018|('46.178', '9.010')|0.8503|TI
553|#lemag|2014-02-06|6|False|9.5335117908|('47.238', '6.036')|0|Bourgogne Franche-Comté
554|#|2014-01-01|5|False|438.9748761915|('46.903', '6.347')|0.58605|Bourgogne Franche-Comté
555|#adidas|2014-04-02|5|False|379.589456367|('47.159', '9.554')|0.10115|Triesenberg
556|#track|2014-04-02|5|False|378.6464361148|('46.950', '7.439')|0.4767|BE
557|#stripes|2014-04-02|5|False|365.6536158487|('46.950', '7.439')|0|BE
558|#|2014-01-20|5|False|358.4610661493|('46.903', '6.347')|0.4404|Bourgogne Franche-Comté
559|#lawd|2014-04-07|5|False|326.076175119|('46.950', '7.439')|0|BE
560|#adidas|2014-02-12|5|False|302.6702696245|('47.138', '9.522')|0.10115|Vaduz
561|#rt|2014-03-21|5|False|297.2852857524|('46.315', '9.399')|0|Lombardia
562|#wwatberne|2014-07-05|5|False|297.2117750904|('46.216', '6.147')|0.6908|GE
563|#|2014-01-13|5|False|294.4137795066|('46.903', '6.347')|0.2075333333|Bourgogne Franche-Comté
564|#tdr2014|2014-04-30|5|False|283.8560425179|('46.233', '7.358')|0|VS
565|#zurich|2014-02-06|5|False|280.6505561456|('47.369', '8.539')|0|ZH
566|#meilleuresrencontres2013|2014-01-01|5|False|277.5619777685|('47.552', '6.850')|0|Bourgogne Franche-Comté
567|#jacket|2014-05-17|5|False|277.0940810608|('46.949', '7.439')|0|BE
568|#adidas|2014-03-08|5|False|277.0684276631|('47.159', '9.554')|0|Triesenberg
569|#enlawded|2014-05-17|5|False|262.0833980873|('46.949', '7.439')|0|BE
570|#adidas|2014-03-31|5|False|257.8253109796|('47.138', '9.522')|0.0754333333|Vaduz
571|#teamol|2014-11-30|5|False|240.9054895528|('47.513', '6.800')|0.4404|Bourgogne Franche-Comté
572|#track|2014-05-17|5|False|239.0904640492|('46.813', '8.224')|0.3572333333|OW
573|#|2014-01-21|5|False|236.0332104622|('46.903', '6.347')|0|Bourgogne Franche-Comté
574|#etgfcm|2014-10-04|5|False|234.6311930251|('45.917', '6.119')|0|Auvergne-Rhône-Alpes
575|#tdf|2014-07-14|5|False|231.9420361556|('46.205', '6.143')|0.1769333333|GE
576|#30factsaboutme|2014-01-28|5|False|228.047269746|('46.186', '6.111')|0|GE
577|#outstanding|2014-04-07|5|False|221.2283169689|('47.384', '8.530')|0|ZH
578|#wha67|2014-05-19|5|False|216.1736650558|('46.227', '6.141')|0|GE
579|#adidas|2014-02-15|5|False|213.8218223179|('47.384', '8.530')|0|ZH
580|#gaza|2014-07-23|5|False|212.2283209355|('46.205', '6.143')|0|GE
581|#kpfamily|2014-04-28|5|False|189.2417258317|('46.803', '7.160')|0.4971|FR
582|#tpmp|2014-09-16|5|False|188.8212539933|('46.201', '6.131')|0.4767|GE
583|#tgif|2014-06-20|5|False|185.2681344618|('46.008', '8.956')|0|TI
584|#gaza|2014-08-07|5|False|177.4566918674|('46.205', '6.143')|0.6808|GE
585|#addict|2014-04-07|5|False|173.6761251319|('47.384', '8.530')|0|ZH
586|#hrc25|2014-03-17|5|False|172.0327568197|('46.228', '6.142')|0.3517|GE
587|#jobs|2014-02-21|5|False|150.3372495217|('46.818', '8.228')|0.3818|OW
588|#wha67|2014-05-23|5|False|150.1746344908|('46.226', '6.141')|0.148|GE
589|#clothes|2014-04-07|5|False|148.6339917249|('47.384', '8.530')|0|ZH
590|#alsicebucketchallenge|2014-08-21|5|False|145.0035940513|('47.660', '6.839')|0.0581666667|Bourgogne Franche-Comté
591|#hrc25|2014-03-20|5|False|137.6765493387|('46.228', '6.142')|0|GE
592|#stk14|2014-11-13|5|False|135.6201788018|('47.041', '8.307')|-0.0572|LU
593|#glocal14|2014-11-13|5|False|134.9837263282|('45.817', '8.826')|0.4939|Lombardia
594|#prayforturkey|2014-05-14|5|False|125.7655749|('47.580', '9.347')|0|TG
595|#athleticnapoli|2014-08-27|5|False|120.8644116355|('46.189', '6.112')|-0.6258|GE
596|#slalom|2014-02-22|5|False|118.4773052041|('46.817', '7.342')|0|BE
597|#emabiggestfansjustinbieber|2014-09-16|5|False|102.3748308358|('46.588', '7.085')|0|FR
598|#jobs|2014-01-24|5|False|92.9298478132|('46.818', '8.228')|0.3818|OW
599|#rt|2014-07-12|5|False|87.0657207777|('46.922', '6.345')|0.0772|Bourgogne Franche-Comté
600|#sdr|2014-02-15|5|False|83.4931265537|('47.773', '9.150')|0.7003|Baden-Württemberg
601|#asknash|2014-06-11|5|False|82.2811491648|('45.903', '6.105')|0.8807|Auvergne-Rhône-Alpes
602|#rt|2014-02-24|5|False|79.7956014513|('47.866', '7.223')|0|Grand Est
603|#excusequandtesenretard|2014-04-08|5|False|78.9004193613|('47.734', '7.296')|-0.0386|Grand Est
604|#tatort|2014-02-09|5|False|77.8904991636|('47.727', '9.397')|-0.5267|Baden-Württemberg
605|#omrcl|2014-11-02|5|False|76.4915090086|('46.107', '7.076')|0.4767|VS
606|#rg2014|2014-06-08|5|False|71.2974208268|('47.508', '6.793')|0.25|Bourgogne Franche-Comté
607|#cerd|2014-08-14|5|False|71.2193878117|('46.228', '6.143')|0.1557|GE
608|#shawnfollowme|2014-04-18|5|False|64.285041163|('47.567', '7.595')|0.3182|BS
609|#gntm|2014-02-06|5|False|63.114090183|('47.495', '8.507')|-0.6789|ZH
610|#sdr|2014-03-29|5|False|62.3685182931|('47.495', '8.480')|0|ZH
611|#amici13|2014-05-04|5|False|61.6915962771|('46.152', '9.332')|0.3818|Lombardia
612|#cesar2014|2014-02-28|5|False|57.9595896249|('47.243', '6.007')|0.889|Bourgogne Franche-Comté
613|#chilhavisto|2014-10-01|5|False|57.2739952557|('46.414', '8.980')|0.991|TI
614|#rannfl|2014-02-03|5|False|55.7574833192|('46.961', '7.563')|0|BE
615|#pechinoexpress|2014-11-03|5|False|43.2433758842|('45.889', '8.888')|-0.296|Lombardia
616|#mistero|2014-01-23|5|False|41.4262095091|('46.151', '9.332')|0|Lombardia
617|#fraesp|2014-09-10|5|False|30.8383812133|('46.090', '6.674')|-0.5197|Auvergne-Rhône-Alpes
618|#confpr|2014-01-14|5|False|30.340008301|('45.907', '6.136')|-0.29075|Auvergne-Rhône-Alpes
619|#temptationisland|2014-07-10|5|False|30.0791084403|('45.990', '8.807')|0|Lombardia
620|#tvoi|2014-05-14|5|False|27.9828699244|('45.951', '8.840')|0|Lombardia
621|#inghilterraitalia|2014-06-14|5|False|26.9802967374|('45.948', '8.774')|0|Lombardia
622|#tatort|2014-04-13|5|False|22.1702984404|('47.478', '8.504')|-0.6486|ZH
623|#job|2014-02-06|5|False|20.9382687864|('46.198', '6.142')|0.296|GE
624|#sosmafamilleabesoindaide|2014-09-30|5|False|18.7049361717|('47.471', '6.844')|0|Bourgogne Franche-Comté
625|#onpc|2014-01-18|5|False|11.2627242|('46.262', '6.841')|0.1806|Auvergne-Rhône-Alpes
626|#murraryftw|2014-11-11|5|False|9.9838434323|('46.176', '6.217')|0.6369|Auvergne-Rhône-Alpes
627|#enlawded|2014-04-02|4|False|485.7025491587|('46.950', '7.439')|0.31245|BE
628|#idv4|2014-08-29|4|False|418.5629281627|('46.156', '6.281')|0.1511|Auvergne-Rhône-Alpes
629|#addict|2014-04-02|4|False|397.5043714783|('46.950', '7.439')|0|BE
630|#jeromeviensabelforttudeviendrasfort|2014-11-12|4|False|394.5201687526|('47.660', '6.839')|0|Bourgogne Franche-Comté
631|#emabiggestfansjustinbieber|2014-11-09|4|False|387.8878970907|('47.420', '8.501')|0|ZH
632|#besancon|2014-05-28|4|False|382.027531861|('47.241', '6.026')|0.8306|Bourgogne Franche-Comté
633|#clothes|2014-04-02|4|False|364.8430486|('46.813', '8.224')|0|OW
634|#suisse|2014-03-09|4|False|364.4201801348|('46.168', '8.794')|0|TI
635|#track|2014-03-04|4|False|342.933367641|('47.384', '8.530')|0.2937666667|ZH
636|#track|2014-03-05|4|False|338.3047423778|('47.384', '8.530')|0.2023|ZH
637|#adidas|2014-03-05|4|False|330.6585963845|('47.384', '8.530')|0.466475|ZH
638|#adidas|2014-03-26|4|False|326.3900104931|('46.813', '8.224')|0.10115|OW
639|#adidas|2014-03-06|4|False|326.2661346758|('46.813', '8.224')|0|OW
640|#allin|2014-04-13|4|False|325.6303217735|('46.949', '7.439')|0.1060666667|BE
641|#adidas|2014-03-04|4|False|317.9661048889|('47.384', '8.530')|0.2023|ZH
642|#allin|2014-03-05|4|False|317.6884696987|('47.159', '9.554')|0|Triesenberg
643|#tweetmyjobs|2014-03-25|4|False|316.5564495929|('46.494', '6.389')|0|VD
644|#baselworld2014|2014-03-26|4|False|315.6984082223|('47.560', '7.613')|0|BS
645|#bern|2014-10-28|4|False|315.3775520811|('47.377', '8.537')|0|ZH
646|#coupedumonde|2014-06-24|4|False|307.9187679326|('46.375', '6.921')|-0.357|VD
647|#enlawded|2014-03-05|4|False|299.9148539434|('47.384', '8.530')|0.54895|ZH
648|#lespotterheadssavent|2014-05-01|4|False|291.142361112|('47.763', '7.269')|0.1531|Grand Est
649|#happynewyear|2014-01-02|4|False|291.0068508266|('47.758', '7.345')|0.6249|Grand Est
650|#track|2014-03-08|4|False|286.0633194923|('47.138', '9.522')|0.5859|Vaduz
651|#track|2014-04-11|4|False|278.7715006502|('47.384', '8.530')|0.2023|ZH
652|#track|2014-03-31|4|False|274.2627420392|('47.138', '9.522')|0.2023|Vaduz
653|#switzerland|2014-05-07|4|False|268.222742413|('45.989', '8.945')|0|TI
654|#juve|2014-07-15|4|False|265.8871370124|('46.375', '6.921')|0.169|VD
655|#lawd|2014-05-17|4|False|254.9831151695|('46.813', '8.224')|0|OW
656|#gurtenfestival|2014-07-17|4|False|251.4161780405|('46.918', '7.440')|0|BE
657|#peace|2014-04-19|4|False|251.01649709|('47.384', '8.530')|0.5562|ZH
658|#adidas|2014-04-11|4|False|250.0724215999|('47.384', '8.530')|0.220325|ZH
659|#enlawded|2014-03-08|4|False|246.3907753742|('47.138', '9.522')|0|Vaduz
660|#jacket|2014-02-15|4|False|240.6726447419|('47.138', '9.522')|0|Vaduz
661|#photos|2014-05-17|4|False|236.7479484355|('46.813', '8.224')|0.6249|OW
662|#wha67|2014-05-20|4|False|227.4780222877|('46.228', '6.143')|0.7269|GE
663|#|2014-01-04|4|False|225.4260436768|('46.903', '6.347')|0|Bourgogne Franche-Comté
664|#europa|2014-05-25|4|False|221.057138547|('47.741', '7.607')|0.5622|Baden-Württemberg
665|#promibb|2014-08-22|4|False|209.332271714|('47.773', '9.150')|0.8812|Baden-Württemberg
666|#olympics|2014-05-23|4|False|202.8837824316|('47.384', '8.530')|0|ZH
667|#tasteup|2014-08-23|4|False|197.2326283366|('47.369', '8.543')|-0.148|ZH
668|#1dfamily|2014-04-28|4|False|195.9785232651|('46.803', '7.160')|0.7906|FR
669|#hrc27|2014-09-25|4|False|187.2146982824|('46.205', '6.143')|0.5574|GE
670|#dschungelcamp|2014-01-18|4|False|186.0334341582|('47.563', '8.439')|0|ZH
671|#psg|2014-03-02|4|False|182.3712853098|('46.067', '6.445')|0.4404|Auvergne-Rhône-Alpes
672|#addict|2014-04-11|4|False|177.1131792137|('47.384', '8.530')|0.3612|ZH
673|#clothes|2014-04-11|4|False|172.546075635|('47.384', '8.530')|0|ZH
674|#uxcampch|2014-05-24|4|False|166.3958361794|('47.383', '8.536')|0.5411|ZH
675|#luzern|2014-02-27|4|False|159.9995018963|('47.052', '8.306')|0|LU
676|#track|2014-04-12|4|False|156.0853584581|('46.206', '6.142')|0.6705|GE
677|#kca|2014-03-22|4|False|154.8090790626|('47.345', '8.337')|0.4588|AG
678|#glocal14|2014-11-14|4|False|146.2051501932|('45.817', '8.826')|0|Lombardia
679|#|2014-01-17|4|False|130.5743428253|('46.903', '6.355')|0|Bourgogne Franche-Comté
680|#lesanges6|2014-06-18|4|False|122.4905992425|('46.530', '6.025')|-0.7964|Bourgogne Franche-Comté
681|#trendtag2014|2014-03-19|4|False|120.6217331164|('47.302', '8.553')|-0.2247|ZH
682|#jeromechezmoi|2014-11-12|4|False|111.4582481974|('47.660', '6.839')|0|Bourgogne Franche-Comté
683|#pekinexpress|2014-04-23|4|False|108.0750257209|('46.298', '7.487')|0|VS
684|#teamol|2014-03-16|4|False|106.6188116009|('47.618', '6.152')|0.4754|Bourgogne Franche-Comté
685|#rt|2014-05-30|4|False|104.9399852429|('47.789', '7.312')|0.2981|Grand Est
686|#mtvhottest|2014-08-11|4|False|104.0723582492|('45.815', '6.540')|0|Auvergne-Rhône-Alpes
687|#france|2014-01-26|4|False|103.4979231667|('47.672', '6.848')|0|Bourgogne Franche-Comté
688|#scma|2014-01-21|4|False|96.7971223172|('46.206', '6.138')|0.2502|GE
689|#lemag|2014-04-01|4|False|89.6015978366|('45.980', '6.136')|0|Auvergne-Rhône-Alpes
690|#mattto1mil|2014-04-13|4|False|84.896806406|('47.072', '8.289')|0.76755|LU
691|#3g|2014-07-30|4|False|82.1552665984|('47.425', '6.591')|0|Bourgogne Franche-Comté
692|#rotblaulive|2014-11-26|4|False|79.3197737573|('47.476', '7.626')|-0.1007|SO
693|#jackandjackcoldhearted|2014-08-15|4|False|76.6542114294|('46.537', '6.574')|0|VD
694|#giass|2014-03-16|4|False|70.6779498841|('46.414', '8.980')|-0.1027|TI
695|#promibb|2014-08-29|4|False|67.7592834504|('47.773', '9.150')|0.34|Baden-Württemberg
696|#vote5sos|2014-08-14|4|False|66.7372267455|('46.241', '6.200')|0|GE
697|#2014|2014-01-02|4|False|55.0330433848|('47.758', '7.345')|0|Grand Est
698|#confessionsintimes|2014-05-11|4|False|52.767078591|('45.900', '6.117')|0.4724|Auvergne-Rhône-Alpes
699|#turietberg1|2014-09-17|4|False|50.4359888575|('47.359', '8.530')|0|ZH
700|#onedirectionradioparty|2014-10-05|4|False|49.1701463576|('45.931', '8.544')|0.4588|Piemonte
701|#dpda|2014-10-02|4|False|48.6820530732|('46.138', '6.080')|0|Auvergne-Rhône-Alpes
702|#harrypotterelapietrafilosofale|2014-01-25|4|False|46.8806426821|('45.796', '9.135')|-0.296|Lombardia
703|#lesangesfetentnoel|2014-12-23|4|False|45.16013436|('47.478', '6.849')|0|Bourgogne Franche-Comté
704|#juvetrabzonspor|2014-02-20|4|False|45.1410606384|('47.417', '9.180')|0|SG
705|#scma|2014-02-10|4|False|45.0583091521|('46.206', '6.138')|0.128|GE
706|#bachelorette|2014-07-16|4|False|43.6339579884|('47.773', '9.150')|0|Baden-Württemberg
707|#nashsnewvideo|2014-07-24|4|False|42.8266398133|('47.614', '9.262')|0|TG
708|#edchatde|2014-06-03|4|False|36.2296121597|('46.287', '7.880')|0.5719|VS
709|#thebest|2014-04-25|4|False|33.106541765|('47.612', '6.135')|0|Bourgogne Franche-Comté
710|#top50|2014-10-28|4|False|32.676991695|('47.554', '6.582')|0|Bourgogne Franche-Comté
711|#fcmol|2014-08-31|4|False|29.921266961|('47.618', '6.152')|0|Bourgogne Franche-Comté
712|#camto2million|2014-04-30|4|False|28.6564523355|('46.313', '6.187')|0.7717|VD
713|#lastnightpreorder|2014-03-12|4|False|27.9509021034|('47.407', '8.391')|-0.0516|ZH
714|#outstanding|2014-04-06|4|False|26.4425490708|('47.384', '8.530')|0|ZH
715|#mash|2014-08-29|4|False|23.4471309046|('47.670', '6.881')|0.12738|Bourgogne Franche-Comté
716|#nashnewvideo|2014-09-11|4|False|19.9402232472|('47.612', '9.263')|0|TG
717|#quizduell|2014-05-14|4|False|19.3576381664|('47.773', '9.150')|0.4187|Baden-Württemberg
718|#mola|2014-01-24|4|False|15.699929019|('47.260', '8.845')|0|ZH
719|#1dfollowspree|2014-01-17|4|False|14.0618597275|('45.810', '8.938')|0.10355|Lombardia
720|#getcamto2mil|2014-04-30|4|False|13.5671697317|('46.476', '6.925')|0.7625|VD
721|#braccialettirossi|2014-12-28|4|False|13.2908753688|('46.309', '9.395')|0|Lombardia
722|#job|2014-02-05|4|False|11.563100585|('47.369', '8.539')|0|ZH
723|#switzerlandneeds5sos|2014-03-05|4|False|11.3516921157|('47.420', '8.767')|0.0772|ZH
724|#nashsnewvideo|2014-08-14|4|False|9.2089998251|('47.111', '6.834')|0|NE
725|#thevampsatmidnight|2014-07-05|4|False|6.3679096461|('47.577', '6.754')|0.3182|Bourgogne Franche-Comté
726|#jacket|2014-03-30|3|False|425.93626731|('46.813', '8.224')|0|OW
727|#ferien|2014-11-29|3|False|416.1432099171|('47.069', '9.056')|0|GL
728|#adidas|2014-02-20|3|False|395.9063006615|('47.138', '9.522')|0.3182|Vaduz
729|#fesses|2014-07-20|3|False|382.9621266821|('46.218', '6.126')|0.6784|GE
730|#adidas|2014-02-21|3|False|381.6837868071|('46.949', '7.439')|0.11405|BE
731|#adidas|2014-04-03|3|False|372.4492100003|('46.813', '8.224')|0.3395|OW
732|#zürich|2014-04-17|3|False|362.6724083102|('47.375', '8.540')|0|ZH
733|#love|2014-04-03|3|False|345.1015813952|('46.813', '8.224')|0.4199|OW
734|#gadhimai|2014-10-29|3|False|344.72272138|('46.205', '6.143')|-0.1825625|GE
735|#tdf|2014-07-07|3|False|333.1280639524|('46.205', '6.143')|0.555|GE
736|#zurich|2014-02-07|3|False|330.2670930376|('47.375', '8.534')|0.34|ZH
737|#tdr2014|2014-05-02|3|False|327.6955950163|('46.105', '7.076')|0.6369|VS
738|#celebrate|2014-03-04|3|False|320.5017142375|('47.384', '8.530')|0.2023|ZH
739|#striking|2014-04-17|3|False|319.6490491496|('46.206', '6.142')|0|GE
740|#track|2014-02-03|3|False|319.1175353407|('46.813', '8.224')|0.2023|OW
741|#stripes|2014-02-12|3|False|318.3518959367|('47.159', '9.554')|0.3182|Triesenberg
742|#adidas|2014-02-03|3|False|317.2982244618|('46.813', '8.224')|0|OW
743|#allin|2014-04-19|3|False|291.4683300676|('47.384', '8.530')|0|ZH
744|#allin|2014-03-08|3|False|289.4589706981|('47.138', '9.522')|0|Vaduz
745|#jacket|2014-03-31|3|False|286.8006542298|('47.159', '9.554')|0|Triesenberg
746|#adidas|2014-02-05|3|False|282.433535799|('47.384', '8.530')|0.2023|ZH
747|#adidas|2014-09-02|3|False|280.6182921338|('47.384', '8.530')|0|ZH
748|#jacket|2014-03-04|3|False|278.0286161019|('47.384', '8.530')|0.47155|ZH
749|#|2014-01-22|3|False|276.9888719435|('46.903', '6.347')|0|Bourgogne Franche-Comté
750|#now|2014-09-02|3|False|276.9181183882|('47.384', '8.530')|0|ZH
751|#adidas|2014-04-19|3|False|274.0424894381|('46.206', '6.142')|0.10115|GE
752|#track|2014-04-19|3|False|272.4286408174|('47.384', '8.530')|0.2023|ZH
753|#lawd|2014-04-19|3|False|261.3022493931|('46.206', '6.142')|0.2023|GE
754|#mercatojuve|2014-07-15|3|False|260.2402348448|('46.375', '6.921')|-0.658|VD
755|#ccc|2014-08-29|3|False|256.1162012087|('45.932', '6.929')|0|Auvergne-Rhône-Alpes
756|#geneva|2014-02-06|3|False|249.9401321458|('46.198', '6.142')|0.38585|GE
757|#stripes|2014-03-31|3|False|248.284414505|('47.159', '9.554')|0|Triesenberg
758|#baselworld2014|2014-03-28|3|False|246.8356144924|('47.564', '7.600')|0.3182|BS
759|#enlawded|2014-03-04|3|False|243.9417999361|('47.384', '8.530')|0.6249|ZH
760|#jacket|2014-04-19|3|False|239.8861088563|('47.384', '8.530')|0|ZH
761|#jeromeviensabelforttudeviendrasfort|2014-11-11|3|False|239.4088217559|('47.660', '6.839')|0.5423|Bourgogne Franche-Comté
762|#promibb|2014-08-26|3|False|238.3637149914|('47.773', '9.150')|0|Baden-Württemberg
763|#adidas|2014-04-05|3|False|237.0378148112|('46.206', '6.142')|0|GE
764|#hrc25|2014-03-27|3|False|236.3624178775|('46.205', '6.143')|0|GE
765|#jacket|2014-05-25|3|False|235.2154767284|('46.206', '6.142')|0.5719|GE
766|#adidas|2014-04-17|3|False|234.4724338065|('46.206', '6.142')|0.268775|GE
767|#tomorrowland|2014-07-18|3|False|220.448304604|('45.789', '9.067')|0.5927|Lombardia
768|#clothes|2014-04-13|3|False|218.913581273|('46.950', '7.439')|0|BE
769|#bom14|2014-06-15|3|False|209.4152439905|('46.481', '6.240')|-0.25|VD
770|#spain|2014-04-11|3|False|209.134861552|('47.384', '8.530')|0.2023|ZH
771|#stripes|2014-04-17|3|False|207.876163952|('46.813', '8.224')|0.1591|OW
772|#stripes|2014-02-09|3|False|204.5122291366|('46.206', '6.142')|0.978|GE
773|#allin|2014-04-17|3|False|202.9303607016|('46.206', '6.142')|0.3182|GE
774|#vote1d|2014-03-29|3|False|202.6987702164|('47.779', '9.588')|0|Baden-Württemberg
775|#enlawded|2014-05-24|3|False|202.6929345104|('47.384', '8.530')|0|ZH
776|#adidas|2014-03-21|3|False|200.4336071244|('46.813', '8.224')|0|OW
777|#travel|2014-02-16|3|False|198.1200827709|('46.344', '6.165')|0|VD
778|#jobs|2014-01-03|3|False|193.1532986305|('46.818', '8.228')|0.3818|OW
779|#travel|2014-02-17|3|False|193.1436491435|('46.344', '6.165')|0|VD
780|#tshirt|2014-05-17|3|False|190.5322525074|('46.813', '8.224')|0.6249|OW
781|#adidas|2014-02-09|3|False|188.3492469132|('46.206', '6.142')|0.1591|GE
782|#bestfandom2014|2014-08-01|3|False|185.2265095851|('47.681', '7.408')|-0.2039|Grand Est
783|#سويسرا|2014-08-14|3|False|180.4396564861|('46.930', '8.343')|0|NW
784|#konstanz|2014-05-16|3|False|179.7604814513|('47.676', '9.179')|0|Baden-Württemberg
785|#addict|2014-03-26|3|False|178.4292852155|('46.813', '8.224')|0|OW
786|#tagsforlikes|2014-04-07|3|False|174.8780511137|('46.201', '6.131')|0|GE
787|#dwcc14|2014-10-31|3|False|172.8507985713|('46.459', '6.910')|0|VD
788|#track|2014-03-21|3|False|170.7403276464|('46.813', '8.224')|0.2023|OW
789|#newyear|2014-01-02|3|False|161.5506316009|('47.758', '7.345')|0.924|Grand Est
790|#iraq|2014-09-01|3|False|160.2489442761|('46.205', '6.143')|-0.1779|GE
791|#teamol|2014-08-24|3|False|160.0091741497|('47.618', '6.152')|0.6739|Bourgogne Franche-Comté
792|#lotsofliamsfolllowparty|2014-08-29|3|False|147.7633262524|('46.554', '6.578')|-0.8126|VD
793|#addict|2014-03-06|3|False|144.852622341|('46.813', '8.224')|0.0386|OW
794|#hrc26|2014-06-12|3|False|144.126387805|('46.205', '6.143')|0.4019|GE
795|#veloextra|2014-05-27|3|False|139.1109262073|('46.259', '6.478')|0.8698|Auvergne-Rhône-Alpes
796|#ss6seoulday1|2014-09-19|3|False|138.4267560034|('46.508', '6.624')|0|VD
797|#hrc25|2014-03-13|3|False|134.275761604|('46.228', '6.142')|0.3182|GE
798|#addict|2014-04-17|3|False|132.7715927279|('46.206', '6.142')|0|GE
799|#cszh14|2014-05-23|3|False|132.3651401731|('47.411', '8.544')|0.07655|ZH
800|#outstanding|2014-04-17|3|False|131.4224349879|('46.206', '6.142')|0.1060666667|GE
801|#hrc25|2014-03-26|3|False|127.0523833674|('46.228', '6.143')|0.0222|GE
802|#spanien|2014-06-19|3|False|126.2611379679|('47.677', '9.208')|-0.4019|Baden-Württemberg
803|#adidas|2014-04-24|3|False|123.5932694552|('46.206', '6.142')|0.5106|GE
804|#emoocs2014|2014-02-11|3|False|123.545923127|('46.529', '6.564')|0.34205|VD
805|#noteworthy|2014-03-08|3|False|122.5925661226|('47.138', '9.522')|0|Vaduz
806|#achievement|2014-03-08|3|False|120.443781261|('47.138', '9.522')|0.3182|Vaduz
807|#lka|2014-03-18|3|False|119.942278137|('46.228', '6.142')|0|GE
808|#amas|2014-11-10|3|False|117.6613178912|('46.945', '7.473')|0|BE
809|#tgif|2014-01-24|3|False|116.1516941886|('46.007', '8.964')|0.23835|TI
810|#stripes|2014-02-17|3|False|113.3969362346|('46.206', '6.142')|0|GE
811|#schweiz|2014-12-27|3|False|112.1002527808|('47.569', '7.579')|0|BS
812|#outstanding|2014-03-08|3|False|109.8948152244|('47.138', '9.522')|0.5719|Vaduz
813|#vote1duk|2014-03-07|3|False|101.1386084156|('46.246', '6.133')|0|GE
814|#votevampsvevo|2014-10-04|3|False|100.8027588801|('47.377', '8.537')|0.7159|ZH
815|#hrc25|2014-03-12|3|False|96.0486846171|('46.228', '6.142')|0.2791|GE
816|#teamol|2014-08-31|3|False|95.0575705773|('47.618', '6.152')|0|Bourgogne Franche-Comté
817|#rtsmondial|2014-06-28|3|False|91.8739573652|('46.256', '6.952')|0|VS
818|#onpc|2014-09-06|3|False|88.4159509693|('46.205', '6.143')|0.6696|GE
819|#hrc25|2014-03-25|3|False|87.2556266097|('46.228', '6.142')|0.7424|GE
820|#domian|2014-03-14|3|False|82.4612019675|('47.770', '9.377')|-0.5423|Baden-Württemberg
821|#fcgbetg|2014-09-19|3|False|80.9056126321|('46.092', '5.939')|0|Auvergne-Rhône-Alpes
822|#promibb|2014-08-24|3|False|80.3544186732|('47.495', '8.507')|0.0258|ZH
823|#nouvelan|2014-01-01|3|False|75.4367237272|('47.269', '6.279')|0|Bourgogne Franche-Comté
824|#artravelivestream|2014-11-24|3|False|74.7629028905|('45.780', '10.339')|0.7424|Lombardia
825|#happybirthdaymika|2014-08-17|3|False|71.2662328377|('46.012', '8.977')|0|TI
826|#mufflerman|2014-12-05|3|False|67.0981526825|('46.954', '7.395')|0.9901|BE
827|#promibb|2014-08-27|3|False|63.1870405444|('47.495', '8.507')|-0.2023|ZH
828|#batgangtape|2014-08-26|3|False|62.1934244579|('47.485', '6.914')|0.0772|Bourgogne Franche-Comté
829|#traveling|2014-02-17|3|False|61.2829740838|('46.344', '6.165')|0|VD
830|#sherlock|2014-01-02|3|False|60.7217704187|('47.758', '7.345')|0.688|Grand Est
831|#promibb|2014-08-21|3|False|60.3865109021|('47.773', '9.150')|0.2023|Baden-Württemberg
832|#facetimemecam|2014-07-24|3|False|60.2268940452|('47.309', '7.911')|0.62035|AG
833|#clothes|2014-04-19|3|False|59.4913084863|('47.384', '8.530')|0.3182|ZH
834|#newyearrocks|2014-01-02|3|False|57.5272793476|('47.758', '7.345')|0.4979666667|Grand Est
835|#leiene|2014-02-05|3|False|57.5098740851|('45.806', '8.837')|-0.4023|Lombardia
836|#winterclassic|2014-01-02|3|False|57.1158364912|('47.758', '7.345')|0.74162|Grand Est
837|#sdr|2014-05-03|3|False|56.4522704248|('47.495', '8.507')|0|ZH
838|#psgreal|2014-01-02|3|False|56.1102798618|('47.751', '7.352')|0.5413|Grand Est
839|#nashnewvideo|2014-09-18|3|False|55.7707079628|('47.404', '8.588')|0.60835|ZH
840|#sherlocklives|2014-01-02|3|False|52.5276652564|('47.758', '7.345')|0.7059666667|Grand Est
841|#followmeconnor|2014-08-07|3|False|52.0543293126|('47.359', '8.098')|0.7579|AG
842|#mulhouse|2014-02-11|3|False|51.3246128618|('47.745', '7.338')|-0.296|Grand Est
843|#track|2014-03-30|3|False|48.3066846545|('47.384', '8.530')|0.2023|ZH
844|#polanski|2014-08-12|3|False|47.4891628262|('46.033', '8.932')|-0.25|TI
845|#mtvhottest|2014-08-07|3|False|46.2351561796|('45.862', '5.965')|-0.1909|Auvergne-Rhône-Alpes
846|#commonwealthgames|2014-07-23|3|False|45.8297183021|('47.387', '8.514')|0|ZH
847|#latestnews|2014-04-24|3|False|45.5579576105|('46.206', '6.142')|0.7184|GE
848|#latestnews|2014-04-17|3|False|45.4701306864|('46.206', '6.142')|0|GE
849|#srfthevoice|2014-04-12|3|False|42.4150374569|('47.358', '8.552')|0|ZH
850|#palermointer|2014-09-21|3|False|42.2027305379|('45.788', '8.873')|-0.5719|Lombardia
851|#goya2014|2014-02-09|3|False|35.1974759492|('47.102', '6.827')|0|NE
852|#askzoella|2014-09-07|3|False|34.5965476776|('47.567', '7.594')|0|BS
853|#20hfoot|2014-06-15|3|False|33.0120840144|('47.618', '6.152')|-0.5267|Bourgogne Franche-Comté
854|#cepostaperte|2014-03-01|3|False|32.0175602004|('46.444', '10.361')|0|Lombardia
855|#unannoconmoreno|2014-02-09|3|False|31.5392279711|('47.647', '9.172')|0|TG
856|#topchef|2014-02-17|3|False|29.1750642714|('47.229', '5.991')|0.2732|Bourgogne Franche-Comté
857|#schladming|2014-01-28|3|False|26.3065466965|('46.817', '7.342')|0|BE
858|#cauchemarencuisine|2014-05-27|3|False|22.5930180734|('47.240', '6.035')|0.2263|Bourgogne Franche-Comté
859|#beesocial|2014-02-06|3|False|19.7720171464|('47.371', '8.520')|0.8114|ZH
860|#happyvalentines1dfamily|2014-02-14|3|False|17.6331077276|('45.798', '9.843')|0.296|Lombardia
861|#felsefeatamayolunda|2014-12-24|3|False|17.613689003|('46.954', '7.395')|0.9745|BE
862|#expelledtonumberone|2014-12-16|3|False|16.8674033306|('47.041', '8.317')|0|LU
863|#uominiedonne|2014-09-24|3|False|13.7867641907|('45.990', '8.807')|0.7283|Lombardia
864|#uominiedonne|2014-09-23|3|False|13.121217856|('45.990', '8.807')|0.7739|Lombardia
865|#davidebraccialetti|2014-12-28|3|False|12.3811329548|('46.309', '9.395')|0|Lombardia
866|#austinto6m|2014-05-05|3|False|10.6870801073|('47.101', '6.844')|0|NE
867|#tt|2014-06-09|3|False|10.1054441411|('47.437', '8.572')|0.4926|ZH
868|#99qe|2014-12-23|3|False|9.0134807287|('46.813', '8.224')|0|OW
869|#janoskiansnashvideo|2014-08-10|3|False|7.7198718304|('47.796', '7.383')|0.2577|Grand Est
870|#talktomematt|2014-11-08|3|False|7.4495192428|('47.074', '8.278')|0|LU
871|#fuckjai|2014-03-15|3|False|2.2725569616|('46.276', '6.944')|0.7424|VS
872|#connorhit2million|2014-09-03|3|False|1.3439678527|('46.844', '7.569')|0.7125|BE
873|#bildu|2014-11-19|2|False|577.651742435|('47.377', '8.537')|0.4168|ZH
874|#clothes|2014-04-03|2|False|460.6957959503|('46.813', '8.224')|0.5719|OW
875|#zürich|2014-04-21|2|False|414.6494822899|('47.373', '8.539')|0|ZH
876|#allin|2014-02-18|2|False|410.1059010367|('46.206', '6.142')|0.54785|GE
877|#thx|2014-07-15|2|False|402.7694888588|('47.638', '9.190')|0|TG
878|#ferien|2014-12-10|2|False|389.9226251011|('47.069', '9.056')|0|GL
879|#ukraine|2014-05-08|2|False|385.994044081|('47.211', '8.483')|0.4019|ZH
880|#stripes|2014-02-18|2|False|381.5597546017|('46.949', '7.439')|0|BE
881|#clothes|2014-02-18|2|False|373.064633095|('46.206', '6.142')|0.28595|GE
882|#stripes|2014-04-03|2|False|369.3711368005|('46.813', '8.224')|0|OW
883|#adidas|2014-02-22|2|False|366.2268400209|('47.138', '9.522')|0|Vaduz
884|#track|2014-02-18|2|False|363.6906680881|('46.949', '7.439')|0.6705|BE
885|#outstanding|2014-02-18|2|False|361.5541849204|('46.206', '6.142')|0.5719|GE
886|#ferien|2014-12-22|2|False|359.8066193289|('47.069', '9.056')|0|GL
887|#adidas|2014-02-18|2|False|354.8431370828|('46.950', '7.439')|0.322575|BE
888|#stripes|2014-03-27|2|False|353.3924910125|('47.159', '9.554')|0.3812666667|Triesenberg
889|#clothes|2014-03-07|2|False|351.1489011549|('47.160', '9.554')|0|Triesenberg
890|#track|2014-03-26|2|False|343.458041461|('46.813', '8.224')|0.6486|OW
891|#pro|2014-08-13|2|False|335.3647023416|('46.298', '7.487')|0.3182|VS
892|#pro|2014-08-14|2|False|334.3827161884|('46.298', '7.487')|0.3182|VS
893|#elliott|2014-03-22|2|False|332.1599997454|('46.535', '6.589')|0.1007|VD
894|#podemos|2014-11-19|2|False|324.5387730838|('47.377', '8.537')|0.4939|ZH
895|#liftbasel|2014-11-07|2|False|320.9693675283|('47.549', '7.587')|0.4037|BS
896|#pharmaceutical|2014-04-15|2|False|314.6014117413|('46.494', '6.389')|0|VD
897|#skatelife|2014-03-15|2|False|314.3753237686|('45.904', '6.129')|0|Auvergne-Rhône-Alpes
898|#allin|2014-04-04|2|False|313.6668553613|('47.159', '9.554')|0|Triesenberg
899|#stripes|2014-04-04|2|False|313.2685412576|('47.159', '9.554')|0|Triesenberg
900|#adidas|2014-04-04|2|False|313.0837131647|('46.813', '8.224')|0.2023|OW
901|#weareallzaynfolllowparty|2014-12-21|2|False|312.3663932165|('47.520', '6.780')|0|Bourgogne Franche-Comté
902|#stripes|2014-02-23|2|False|307.3873311667|('47.138', '9.522')|0|Vaduz
903|#pharmaceutical|2014-04-08|2|False|304.3479654706|('46.494', '6.389')|0|VD
904|#track|2014-04-04|2|False|303.096028641|('47.159', '9.554')|0.6597|Triesenberg
905|#celebrate|2014-04-13|2|False|301.553872213|('46.950', '7.439')|0|BE
906|#travel|2014-01-14|2|False|301.0656645824|('46.344', '6.165')|0|VD
907|#outstanding|2014-03-04|2|False|295.6717226705|('47.384', '8.530')|0|ZH
908|#ferien|2014-12-04|2|False|292.2181167196|('47.069', '9.056')|0|GL
909|#outstanding|2014-03-07|2|False|290.354114524|('47.160', '9.554')|0|Triesenberg
910|#oaff|2014-07-11|2|False|288.6332276852|('46.912', '7.468')|0|BE
911|#travel|2014-12-05|2|False|288.5629023281|('46.529', '6.652')|0.5106|VD
912|#suorcristina|2014-06-06|2|False|286.78099572|('46.062', '8.686')|-0.1531|Piemonte
913|#pharmaceutical|2014-05-20|2|False|285.0958934602|('46.494', '6.389')|0|VD
914|#darelative|2014-09-02|2|False|283.6615522362|('47.384', '8.530')|0|ZH
915|#stripes|2014-03-04|2|False|283.6154827307|('47.384', '8.530')|-0.1779|ZH
916|#adidas|2014-05-12|2|False|276.4297364555|('47.159', '9.554')|0.1348666667|Triesenberg
917|#ferien|2014-12-02|2|False|273.3033804682|('47.069', '9.056')|0|GL
918|#sihh2014|2014-01-21|2|False|267.094089267|('46.235', '6.118')|0|GE
919|#blogs|2014-07-20|2|False|261.8333995202|('47.160', '9.554')|0.4019|Triesenberg
920|#chicago|2014-04-19|2|False|258.4201027858|('47.384', '8.530')|0.6249|ZH
921|#bsaformiley|2014-08-24|2|False|257.6439261961|('47.250', '6.057')|0|Bourgogne Franche-Comté
922|#opulent|2014-03-04|2|False|252.5505853552|('47.384', '8.530')|0|ZH
923|#adidas|2014-03-27|2|False|251.9473877251|('47.159', '9.554')|0.3342125|Triesenberg
924|#mtblanc80k|2014-06-27|2|False|246.7193657172|('45.924', '6.869')|0.0255166667|Auvergne-Rhône-Alpes
925|#travel|2014-01-31|2|False|244.973545071|('46.344', '6.165')|0|VD
926|#australia|2014-04-13|2|False|241.2250450376|('46.950', '7.439')|0|BE
927|#ferien|2014-09-20|2|False|239.5049911042|('46.529', '6.652')|0|VD
928|#enlawded|2014-02-08|2|False|239.2255330027|('46.206', '6.142')|0.2553|GE
929|#adicolor|2014-03-04|2|False|238.8387901723|('46.206', '6.142')|0.5719|GE
930|#food|2014-10-30|2|False|237.7555408653|('46.008', '8.955')|0.8264|TI
931|#adidas|2014-08-09|2|False|236.4963711556|('47.384', '8.530')|0.8625|ZH
932|#teamfcsm|2014-05-10|2|False|235.4162604399|('47.618', '6.152')|0.6884|Bourgogne Franche-Comté
933|#dnd4e|2014-02-09|2|False|233.3709110614|('47.342', '7.910')|0.5106|SO
934|#blog|2014-05-19|2|False|232.978835803|('47.138', '9.522')|0.2263|Vaduz
935|#foodporn|2014-10-30|2|False|231.3550848963|('46.008', '8.955')|0.8264|TI
936|#ferien|2014-10-03|2|False|228.1804001324|('47.069', '9.056')|0|GL
937|#adidas|2014-02-25|2|False|227.3368236383|('47.138', '9.522')|0|Vaduz
938|#schweiz|2014-06-20|2|False|226.5096386777|('47.474', '8.308')|0|AG
939|#latestnews|2014-03-04|2|False|222.7857911416|('47.384', '8.530')|0.6249|ZH
940|#explainafilmplotbadly|2014-09-06|2|False|220.2659134748|('46.314', '6.050')|-0.4215|Auvergne-Rhône-Alpes
941|#outstanding|2014-04-13|2|False|216.7010128065|('46.206', '6.142')|-0.296|GE
942|#art|2014-07-23|2|False|214.5587091948|('45.898', '6.128')|0|Auvergne-Rhône-Alpes
943|#friem|2014-08-13|2|False|213.295877231|('47.382', '8.504')|0|ZH
944|#evianchamp|2014-09-14|2|False|210.1551312903|('46.393', '6.570')|0|Auvergne-Rhône-Alpes
945|#enlawded|2014-04-05|2|False|209.460258104|('46.206', '6.142')|0|GE
946|#travel|2014-01-18|2|False|205.1266133121|('46.344', '6.165')|0|VD
947|#ferien|2014-11-21|2|False|198.3114151474|('47.069', '9.056')|0|GL
948|#tpmp|2014-12-19|2|False|195.0253434827|('46.529', '6.652')|0.8588|VD
949|#sosvenezuela|2014-02-22|2|False|194.1287724181|('46.223', '6.139')|0|GE
950|#basel|2014-11-21|2|False|193.0397668732|('47.553', '7.593')|0|BS
951|#track|2014-02-09|2|False|187.3985518482|('47.138', '9.522')|0.2023|Vaduz
952|#museumweek|2014-03-25|2|False|187.3312117774|('46.001', '8.948')|0.2023|TI
953|#food|2014-11-21|2|False|186.0166555101|('46.003', '8.951')|0.6369|TI
954|#juve|2014-07-02|2|False|184.9601076181|('46.375', '6.921')|0.1759|VD
955|#srghack|2014-09-12|2|False|183.1801975884|('47.417', '8.561')|0|ZH
956|#travel|2014-12-10|2|False|183.0491619072|('46.020', '7.747')|0|VS
957|#skatelife|2014-01-19|2|False|181.4429624026|('45.904', '6.129')|-0.4767|Auvergne-Rhône-Alpes
958|#instagood|2014-03-19|2|False|179.2483652854|('46.325', '7.990')|0|VS
959|#meetthevamily|2014-04-18|2|False|175.0033043804|('47.248', '6.016')|0.51855|Bourgogne Franche-Comté
960|#mulhouse|2014-03-15|2|False|173.4069537461|('47.770', '7.321')|0|Grand Est
961|#foodporn|2014-11-21|2|False|171.1721696724|('46.003', '8.951')|0.6369|TI
962|#raw|2014-03-04|2|False|169.5925097126|('47.425', '6.591')|0.811|Bourgogne Franche-Comté
963|#jacket|2014-02-28|2|False|168.9387494245|('47.384', '8.530')|0.2083|ZH
964|#jacobyouandi|2014-06-06|2|False|166.477551859|('45.903', '6.105')|0.7579|Auvergne-Rhône-Alpes
965|#mbmarathon|2014-06-29|2|False|166.458857769|('45.924', '6.869')|0.8718|Auvergne-Rhône-Alpes
966|#luzern|2014-08-30|2|False|165.9594051071|('47.377', '8.537')|0|ZH
967|#bizhumanrights|2014-12-02|2|False|161.046034849|('46.227', '6.141')|0|GE
968|#psg|2014-01-25|2|False|160.7494912983|('47.672', '6.848')|-0.7684|Bourgogne Franche-Comté
969|#jacket|2014-05-23|2|False|159.9515090166|('47.138', '9.522')|0|Vaduz
970|#jeudiconfession|2014-10-02|2|False|159.2027968752|('46.530', '6.654')|0.4404|VD
971|#tedxgeneva|2014-04-07|2|False|158.5151299091|('46.182', '6.142')|0|GE
972|#hrc26|2014-06-27|2|False|152.0671624056|('46.205', '6.143')|0|GE
973|#pmcampdor|2014-11-21|2|False|150.7692323044|('47.407', '9.744')|0|Vorarlberg
974|#onsefolowcommedhabaucalme|2014-03-15|2|False|146.3589640207|('47.789', '7.312')|0|Grand Est
975|#adidas|2014-05-15|2|False|146.1839485793|('46.949', '7.439')|0.5423|BE
976|#mtvhottest|2014-08-26|2|False|144.1291501413|('47.364', '8.464')|0|ZH
977|#photo|2014-12-18|2|False|143.2883027475|('46.282', '7.448')|0|VS
978|#nature|2014-05-08|2|False|138.8998084527|('45.750', '7.616')|0|Valle d'Aosta
979|#bizhumanrights|2014-12-01|2|False|134.5972177403|('46.228', '6.142')|0.2425333333|GE
980|#manufacturing|2014-03-28|2|False|134.0017267716|('46.818', '8.228')|0.4215|OW
981|#greysanatomy|2014-05-16|2|False|124.8220621682|('46.533', '6.626')|0|VD
982|#track|2014-03-19|2|False|123.5135577466|('46.950', '7.439')|0.2023|BE
983|#comsum14|2014-02-04|2|False|123.3130116591|('47.377', '8.537')|0|ZH
984|#teametg|2014-08-22|2|False|123.0271720464|('45.914', '6.718')|0|Auvergne-Rhône-Alpes
985|#retrica|2014-08-09|2|False|121.4050962676|('47.377', '8.491')|0|ZH
986|#tourdesuisse|2014-06-17|2|False|119.0712535914|('47.444', '9.535')|0|AR
987|#lka|2014-03-26|2|False|117.5371672065|('46.228', '6.143')|0|GE
988|#onsefolowlesamedisanspression|2014-03-15|2|False|117.1745392751|('47.789', '7.312')|0.555|Grand Est
989|#srilanka|2014-09-08|2|False|116.038384205|('46.228', '6.142')|-0.7184|GE
990|#amas|2014-11-21|2|False|113.3723390398|('46.202', '6.131')|-0.4466|GE
991|#emoocs2014|2014-02-10|2|False|109.5262574724|('46.529', '6.642')|0|VD
992|#biathlon|2014-01-04|2|False|108.4099368273|('47.477', '8.504')|0.8519|ZH
993|#adidas|2014-03-19|2|False|105.853988586|('46.949', '7.439')|0.1735|BE
994|#mulhouse|2014-02-23|2|False|103.4752582981|('47.744', '7.336')|0.5255|Grand Est
995|#ibbodensee|2014-03-15|2|False|99.3612329519|('47.672', '9.167')|0|Baden-Württemberg
996|#hrh|2014-05-22|2|False|99.3567448486|('46.227', '6.141')|-0.6249|GE
997|#uhc|2014-05-22|2|False|97.2347314635|('46.227', '6.141')|0.6908|GE
998|#merciamelbent|2014-11-29|2|False|96.921468211|('47.792', '7.381')|0|Grand Est
999|#amas|2014-11-11|2|False|96.3495061705|('46.944', '7.473')|0|BE
1000|#adidas|2014-03-17|2|False|95.3081458224|('46.206', '6.142')|0|GE
1001|#summer|2014-04-28|2|False|95.0042559125|('45.750', '7.617')|0|Valle d'Aosta
1002|#demicauetdemilovato|2014-11-16|2|False|88.5129358384|('45.850', '6.101')|0.4588|Auvergne-Rhône-Alpes
1003|#switzerlandneedsotrat|2014-12-08|2|False|84.3681293163|('47.007', '6.967')|0|NE
1004|#votenickjonas|2014-11-09|2|False|83.9944990873|('45.831', '8.807')|0|Lombardia
1005|#yaşatmai̇deali|2014-01-11|2|False|81.4739787593|('47.394', '8.521')|0|ZH
1006|#harryspasswordcouldbe|2014-08-12|2|False|79.4349394652|('45.815', '6.540')|0.7506|Auvergne-Rhône-Alpes
1007|#ecom14|2014-03-03|2|False|77.038035659|('47.365', '8.539')|0|ZH
1008|#1dfamily|2014-04-27|2|False|75.1331109371|('46.803', '7.160')|0.8316|FR
1009|#rottner2014|2014-02-08|2|False|72.536481243|('47.751', '7.352')|0.5696|Grand Est
1010|#farewelltocristina|2014-05-16|2|False|69.783265298|('46.533', '6.626')|0|VD
1011|#1dfourhangout|2014-11-09|2|False|69.5549740391|('45.800', '9.084')|-0.4354|Lombardia
1012|#italy|2014-06-25|2|False|67.2732702155|('47.398', '8.452')|0|ZH
1013|#e20ch|2014-04-04|2|False|66.2493578323|('46.208', '6.139')|0|GE
1014|#globalhealth|2014-03-28|2|False|66.1323658983|('46.312', '6.041')|0.5719|Auvergne-Rhône-Alpes
1015|#galasv4|2014-04-07|2|False|65.8089739861|('47.775', '8.842')|-0.4404|Baden-Württemberg
1016|#wettendass|2014-10-04|2|False|64.8359364992|('47.495', '8.507')|0.6688|ZH
1017|#gf13|2014-03-17|2|False|62.367534916|('46.152', '9.819')|0.6369|Lombardia
1018|#visiting|2014-02-17|2|False|60.4266265098|('46.344', '6.165')|0|VD
1019|#shirt|2014-04-05|2|False|58.5609957801|('46.206', '6.142')|0|GE
1020|#quartogrado|2014-10-03|2|False|57.8446183888|('46.003', '8.960')|0.4019|TI
1021|#unschlagbar|2014-06-27|2|False|57.362601272|('47.773', '9.150')|-0.5423|Baden-Württemberg
1022|#deviousmaids|2014-07-12|2|False|57.2470618323|('47.585', '6.839')|0|Bourgogne Franche-Comté
1023|#promibb|2014-08-18|2|False|55.9314196026|('47.773', '9.150')|0.5106|Baden-Württemberg
1024|#livesos|2014-11-24|2|False|54.4117929438|('47.068', '6.206')|0|Bourgogne Franche-Comté
1025|#5sos|2014-11-24|2|False|53.6901003445|('47.068', '6.206')|0|Bourgogne Franche-Comté
1026|#quizchampion|2014-05-31|2|False|53.4567621553|('47.773', '9.150')|-0.5696|Baden-Württemberg
1027|#addict|2014-02-09|2|False|51.5379181958|('46.206', '6.142')|0|GE
1028|#mufc|2014-11-08|2|False|51.4685801076|('46.529', '6.652')|0.74225|VD
1029|#promibb|2014-08-23|2|False|51.3859483162|('47.773', '9.150')|0.3612|Baden-Württemberg
1030|#championsleague|2014-03-18|2|False|49.8988699494|('46.067', '6.444')|0|Auvergne-Rhône-Alpes
1031|#posafranchini|2014-06-30|2|False|48.9472904016|('46.130', '9.594')|0|Lombardia
1032|#cerd|2014-08-11|2|False|47.6924658806|('46.215', '6.151')|0.30035|GE
1033|#wwechamber|2014-02-24|2|False|44.3626512899|('47.425', '6.591')|0.2324|Bourgogne Franche-Comté
1034|#emba|2014-05-06|2|False|42.0810821161|('46.011', '8.958')|-0.3985|TI
1035|#1dfamily|2014-04-26|2|False|41.4496914462|('46.161', '7.117')|0.8193|VS
1036|#ufa|2014-12-26|2|False|40.2371266163|('47.377', '8.537')|-0.34|ZH
1037|#amas|2014-11-20|2|False|39.1528842569|('46.202', '6.131')|-0.4466|GE
1038|#edchatde|2014-06-17|2|False|38.7253108646|('47.377', '8.537')|-0.3578|ZH
1039|#grammy|2014-01-27|2|False|38.5272136504|('47.056', '8.287')|0.8834|LU
1040|#taleequaleshow|2014-11-07|2|False|38.4528402397|('45.951', '8.840')|0|Lombardia
1041|#relaismixte|2014-02-19|2|False|38.1225546032|('46.150', '6.398')|0|Auvergne-Rhône-Alpes
1042|#awesome|2014-01-02|2|False|37.6081266547|('47.758', '7.345')|0.3560571429|Grand Est
1043|#tdf|2014-07-08|2|False|36.5225401779|('46.205', '6.143')|-0.8257|GE
1044|#ashtonbirthdayproject|2014-07-07|2|False|35.4609245522|('47.551', '6.861')|0.7717|Bourgogne Franche-Comté
1045|#esf|2014-05-08|2|False|33.9168890804|('46.496', '6.305')|0.9164|VD
1046|#tokiohotelpopcrush|2014-11-24|2|False|32.6123840934|('45.780', '10.338')|0.5719|Lombardia
1047|#guillaumeradio|2014-08-15|2|False|31.9672044088|('46.523', '6.566')|0.57375|VD
1048|#chilhavisto|2014-12-10|2|False|30.8824496622|('45.951', '8.841')|-0.4479|Lombardia
1049|#olscb|2014-04-27|2|False|30.196957769|('47.618', '6.152')|-0.5696|Bourgogne Franche-Comté
1050|#csjvtldmf|2014-03-31|2|False|29.5013313048|('46.366', '6.471')|0|Auvergne-Rhône-Alpes
1051|#dasistspitze|2014-01-30|2|False|29.3705062796|('47.773', '9.150')|0.4404|Baden-Württemberg
1052|#enlawded|2014-04-14|2|False|29.0454347627|('47.138', '9.522')|0.4939|Vaduz
1053|#everynewborn|2014-05-23|2|False|28.7047987031|('46.228', '6.142')|0.7184|GE
1054|#bosa|2014-11-19|2|False|28.6182516373|('47.369', '8.538')|0|ZH
1055|#orange|2014-07-20|2|False|28.477640265|('47.398', '8.452')|0|ZH
1056|#capital|2014-04-27|2|False|27.824895539|('46.092', '5.939')|-0.3182|Auvergne-Rhône-Alpes
1057|#israeliterrorism|2014-12-31|2|False|27.0393911312|('47.377', '8.537')|0|ZH
1058|#world|2014-12-31|2|False|27.0393911312|('47.377', '8.537')|0|ZH
1059|#usavsger|2014-06-26|2|False|26.9864837673|('47.255', '8.867')|0.765|ZH
1060|#onveutrencontrerles5sosgrâceacauetsurnrj|2014-06-18|2|False|26.4511544205|('47.263', '6.049')|0.2577|Bourgogne Franche-Comté
1061|#ondanseleclip|2014-10-29|2|False|24.2866851747|('47.223', '5.974')|0|Bourgogne Franche-Comté
1062|#dbt8gh15|2014-11-23|2|False|23.0956988172|('47.434', '9.399')|-0.1298|SG
1063|#everynewborn|2014-05-24|2|False|22.2893063791|('46.228', '6.142')|0.1027|GE
1064|#makinakafa|2014-04-04|2|False|22.0928559436|('46.537', '6.592')|0.9842|VD
1065|#twittamibeautiful|2014-12-23|2|False|21.7539489339|('45.819', '9.221')|0|Lombardia
1066|#harveysradiotourspree|2014-04-07|2|False|20.7080345259|('46.537', '6.598')|0.8038|VD
1067|#shieldit|2014-06-03|2|False|20.2840443556|('45.817', '8.828')|0.3382|Lombardia
1068|#askthedragon|2014-08-12|2|False|18.0348074733|('47.111', '6.834')|0|NE
1069|#srfarena|2014-10-31|2|False|16.5048529557|('46.680', '7.852')|0.8658|BE
1070|#zemmour|2014-11-25|2|False|16.2399599195|('46.209', '6.094')|0.4767|GE
1071|#crimes|2014-05-19|2|False|16.0035706758|('46.400', '6.587')|-0.5423|Auvergne-Rhône-Alpes
1072|#amici13|2014-02-07|2|False|15.4656394179|('45.881', '8.410')|0.6696|Piemonte
1073|#teambizzle|2014-08-03|2|False|14.9408822097|('47.420', '8.501')|0|ZH
1074|#cdanslair|2014-11-13|2|False|14.4226240498|('46.813', '8.224')|0.4883|OW
1075|#كايروكى|2014-02-11|2|False|14.0895980166|('46.883', '7.621')|0.9973|BE
1076|#askcam|2014-11-03|2|False|13.8597764332|('47.074', '8.278')|0|LU
1077|#verfolgt|2014-08-11|2|False|13.2003528005|('47.773', '9.150')|0|Baden-Württemberg
1078|#ondar|2014-05-06|2|False|12.9237318838|('47.067', '6.380')|0.5106|Bourgogne Franche-Comté
1079|#askraff|2014-06-25|2|False|12.8734930078|('47.007', '6.967')|0|NE
1080|#objetivowert|2014-01-12|2|False|12.2266635024|('46.953', '8.387')|-0.296|NW
1081|#onedirectionbestdramas|2014-07-23|2|False|11.7182501898|('47.534', '6.807')|0|Bourgogne Franche-Comté
1082|#camsnewvideo|2014-08-04|2|False|11.628601206|('46.811', '7.146')|0.3182|FR
1083|#wwatourfrancefollowspree|2014-06-20|2|False|11.4844525883|('47.253', '6.019')|0.80925|Bourgogne Franche-Comté
1084|#palexpo|2014-03-10|2|False|10.3411554211|('46.208', '6.129')|0|GE
1085|#salonautogeneve|2014-03-10|2|False|10.3411554211|('46.208', '6.129')|0|GE
1086|#noguarinallajuve|2014-01-20|2|False|9.9415048933|('46.072', '9.262')|0|Lombardia
1087|#dueilv|2014-07-20|2|False|9.8254648717|('47.773', '9.150')|0.8294|Baden-Württemberg
1088|#rpgaday|2014-08-21|2|False|9.5495906138|('46.795', '7.142')|0|FR
1089|#mrlev12live24h|2014-07-11|2|False|8.6025674096|('46.150', '7.172')|0|VS
1090|#askjamesarthur|2014-08-27|2|False|8.0979717546|('47.136', '8.623')|0.6705|ZG
1091|#janoskiansnewvideo|2014-06-27|2|False|7.1831504443|('46.035', '8.975')|0.7579|TI
1092|#mattto2miil|2014-08-21|2|False|6.7001239935|('47.052', '6.741')|0.6705|NE
1093|#followmejg|2014-09-01|2|False|6.1959802306|('47.336', '8.514')|0.6908|ZH
1094|#totem|2014-07-21|2|False|6.1039436756|('47.577', '6.755')|0.14635|Bourgogne Franche-Comté
1095|#9daysuntilproblem|2014-04-19|2|False|6.0894707044|('45.842', '9.265')|0.8481|Lombardia
1096|#codyeuropetour|2014-05-01|2|False|5.853178757|('45.857', '8.692')|0.1591|Lombardia
1097|#wheniwakeupilooklike|2014-04-21|2|False|5.6825268245|('46.786', '6.628')|0.7579|VD
1098|#cartersxmasfollowspree|2014-12-25|2|False|5.4616542061|('45.903', '5.973')|0.6369|Auvergne-Rhône-Alpes
1099|#askjamesarthur|2014-09-07|2|False|5.3628954834|('47.660', '6.839')|0|Bourgogne Franche-Comté
1100|#switzerland|2014-01-27|2|False|3.7196404163|('47.389', '8.040')|-0.34|AG
1101|#bélier|2014-05-09|2|False|1.3359948841|('46.228', '6.074')|-0.47|GE
